"Name","Team","G","PA","HR","R","RBI","SB","BB%","K%","ISO","BABIP","AVG","OBP","SLG","wOBA","wRC+","BsR","Off","Def","WAR","wRAA","wSB","CS","1B","2B","3B","BB","IBB","Age","playerid"
"Branden Pinder","Yankees","25","1","0","0","1","0","0.0 %","0.0 %","1.000","1.000","1.000","1.000","2.000","1.256","747","0.0","0.7","0.1","0.1","0.8","0.0","0","0","1","0","0","0","26","12093"
"Jett Bandy","Angels","2","2","1","1","1","0","0.0 %","0.0 %","1.500",".000",".500",".500","2.000","1.033","598","0.0","1.2","0.0","0.1","1.1","0.0","0","0","0","0","0","0","25","12508"
"Daniel Norris","- - -","13","3","1","1","2","0","33.3 %","33.3 %","1.500",".000",".500",".667","2.000",".917","514","0.0","1.4","0.3","0.2","1.4","0.0","0","0","0","0","1","0","22","13475"
"Donn Roach","Cubs","1","1","0","0","1","0","0.0 %","0.0 %",".000","1.000","1.000","1.000","1.000",".881","486","0.0","0.4","0.1","0.1","0.5","0.0","0","1","0","0","0","0","25","10620"
"Keith Hessler","Diamondbacks","18","1","0","0","0","0","0.0 %","0.0 %",".000","1.000","1.000","1.000","1.000",".881","481","0.0","0.4","0.1","0.1","0.5","0.0","0","1","0","0","0","0","26","12220"
"Ryan Brett","Rays","3","4","0","0","0","0","25.0 %","0.0 %",".333",".667",".667",".750","1.000",".706","371","0.0","1.3","-0.3","0.1","1.3","0.0","0","1","1","0","1","0","23","12138"
"Phillippe Aumont","Phillies","1","1","0","0","0","0","100.0 %","0.0 %",".000",".000",".000","1.000",".000",".687","353","0.0","0.3","0.1","0.0","0.3","0.0","0","0","0","0","1","0","26","5362"
"Jason Garcia","Orioles","21","1","0","0","0","0","100.0 %","0.0 %",".000",".000",".000","1.000",".000",".687","353","0.0","0.3","0.1","0.0","0.3","0.0","0","0","0","0","1","0","22","12143"
"Peter O'Brien","Diamondbacks","8","12","1","1","3","0","16.7 %","41.7 %",".400",".750",".400",".500",".800",".538","247","-0.3","1.7","-0.4","0.2","2.2","0.0","0","2","1","0","2","0","24","13288"
"Nate Karns","Rays","27","5","1","1","1","0","0.0 %","60.0 %",".750",".000",".250",".250","1.000",".516","240","0.0","0.8","0.5","0.2","0.8","0.0","0","0","0","0","0","0","27","12638"
"Jarrett Parker","Giants","21","54","6","11","14","1","9.3 %","38.9 %",".408",".500",".347",".407",".755",".486","220","0.2","7.8","-0.9","0.9","7.5","-0.2","1","9","2","0","5","0","26","11624"
"Slade Heathcott","Yankees","17","30","2","6","8","0","6.7 %","16.7 %",".320",".421",".400",".429",".720",".475","208","-0.4","3.3","0.7","0.5","3.9","-0.4","1","6","2","0","2","0","24","10336"
"Max Stassi","Astros","11","17","1","4","2","0","5.9 %","29.4 %",".200",".556",".400",".438",".600",".447","192","0.0","1.8","0.3","0.3","1.8","0.0","0","5","0","0","1","0","24","10059"
"Travis Tartamella","Cardinals","3","2","0","0","0","0","0.0 %","0.0 %",".000",".500",".500",".500",".500",".440","185","0.0","0.2","0.1","0.0","0.2","0.0","0","1","0","0","0","0","27","6748"
"Rico Noel","Yankees","15","2","0","5","0","5","0.0 %","0.0 %",".000",".500",".500",".500",".500",".440","184","1.1","1.3","-0.7","0.1","0.2","0.2","2","1","0","0","0","0","26","10585"
"Sammy Solis","Nationals","18","2","0","0","0","0","0.0 %","0.0 %",".000",".500",".500",".500",".500",".440","183","0.0","0.2","0.2","0.0","0.2","0.0","0","1","0","0","0","0","26","11457"
"Mike Wright","Orioles","12","3","0","0","0","0","0.0 %","33.3 %",".000","1.000",".500",".500",".500",".440","183","0.0","0.3","0.3","0.1","0.3","0.0","0","1","0","0","0","0","25","12586"
"Corey Seager","Dodgers","27","113","4","17","17","2","12.4 %","16.8 %",".224",".387",".337",".425",".561",".421","176","1.0","11.0","-0.6","1.5","9.7","0.3","0","20","8","1","14","1","21","13624"
"Daniel Fields","Tigers","1","3","0","1","0","0","0.0 %","66.7 %",".333","1.000",".333",".333",".667",".419","169","0.2","0.4","-1.9","-0.1","0.3","0.0","0","0","1","0","0","0","24","10390"
"Dallas Beeler","Cubs","3","3","0","0","0","0","0.0 %","33.3 %",".333",".500",".333",".333",".667",".419","169","0.0","0.2","0.3","0.1","0.3","0.0","0","0","1","0","0","0","26","11471"
"Matt Duffy","Astros","8","9","0","0","3","0","11.1 %","22.2 %",".125",".500",".375",".444",".500",".412","168","0.1","0.8","0.1","0.1","0.7","0.0","0","2","1","0","1","0","26","12181"
"Mikie Mahtook","Rays","41","115","9","22","19","4","5.2 %","27.0 %",".324",".338",".295",".351",".619",".411","167","1.0","9.9","3.2","1.8","9.0","-0.4","3","16","5","1","6","0","25","13130"
"Ronald Torreyes","Dodgers","8","8","0","1","1","0","12.5 %","12.5 %",".167",".400",".333",".429",".500",".403","164","0.0","0.6","0.2","0.1","0.6","0.0","0","1","1","0","1","0","22","11400"
"Miguel Sano","Twins","80","335","18","46","52","1","15.8 %","35.5 %",".262",".396",".269",".385",".530",".392","150","-4.8","14.5","-6.6","2.0","21.1","-0.4","1","39","17","1","53","1","22","12164"
"Cody Stanley","Cardinals","9","10","0","2","3","0","0.0 %","30.0 %",".100",".571",".400",".400",".500",".390","151","-0.1","0.5","0.1","0.1","0.6","0.0","0","3","1","0","0","0","26","10838"
"Trayce Thompson","White Sox","44","135","5","17","16","1","9.6 %","19.3 %",".238",".341",".295",".363",".533",".383","144","1.2","8.1","1.4","1.5","7.5","0.1","0","20","8","3","13","0","24","9952"
"Curt Casali","Rays","38","113","10","13","18","0","7.1 %","30.1 %",".356",".241",".238",".304",".594",".377","144","-0.4","5.3","1.3","1.1","5.7","0.0","0","8","6","0","8","0","26","12510"
"Mason Williams","Yankees","8","22","1","3","3","0","4.5 %","13.6 %",".286",".294",".286",".318",".571",".376","140","0.2","1.2","1.1","0.3","1.1","0.0","0","2","3","0","1","0","23","11859"
"Ramon Cabrera","Reds","13","30","1","4","3","0","0.0 %","16.7 %",".133",".417",".367",".367",".500",".375","138","-0.3","1.0","1.4","0.4","1.5","0.0","0","9","1","0","0","0","25","10327"
"Gregory Bird","Yankees","46","178","11","26","31","0","10.7 %","29.8 %",".268",".319",".261",".343",".529",".372","137","-0.2","7.5","-4.5","0.9","8.4","-0.1","0","21","9","0","19","0","22","14131"
"Kris Bryant","Cubs","151","650","26","87","99","13","11.8 %","30.6 %",".213",".378",".275",".369",".488",".371","137","7.1","34.7","7.1","6.6","29.9","0.7","4","92","31","5","77","0","23","15429"
"Devon Travis","Blue Jays","62","238","8","38","35","3","7.6 %","18.1 %",".194",".347",".304",".361",".498",".370","135","1.2","10.9","3.0","2.3","10.9","0.1","1","40","18","0","18","0","24","13862"
"Randal Grichuk","Cardinals","103","350","17","49","47","4","6.3 %","31.4 %",".272",".365",".276",".329",".548",".370","137","1.9","17.0","1.1","3.1","15.9","-0.1","2","42","23","7","22","2","23","10243"
"Tom Murphy","Rockies","11","39","3","5","9","0","10.3 %","25.6 %",".286",".273",".257",".333",".543",".366","115","0.1","0.8","-0.2","0.2","1.7","0.0","0","5","1","0","4","1","24","13499"
"Jamie Romak","Diamondbacks","12","16","0","2","1","0","6.3 %","37.5 %",".133",".556",".333",".375",".467",".365","128","0.2","0.7","-0.3","0.1","0.7","0.0","0","3","2","0","1","0","29","5552"
"Carlos Correa","Astros","99","432","22","52","68","14","9.3 %","18.1 %",".233",".296",".279",".345",".512",".365","135","2.0","19.7","-1.6","3.4","17.9","1.0","4","63","22","1","40","2","20","14162"
"Kyle Schwarber","Cubs","69","273","16","52","43","3","13.2 %","28.2 %",".241",".293",".246",".355",".487",".364","132","2.5","12.6","-3.4","1.9","11.1","-0.7","3","34","6","1","36","1","22","16478"
"Stephen Piscotty","Cardinals","63","256","7","29","39","2","7.8 %","21.9 %",".189",".372",".305",".359",".494",".364","133","-1.3","8.5","-6.0","1.1","10.3","-0.1","1","45","15","4","20","2","24","13367"
"Rob Refsnyder","Yankees","16","47","2","3","5","2","6.4 %","14.9 %",".209",".324",".302",".348",".512",".363","130","-0.4","1.2","-1.4","0.1","1.9","0.4","0","8","3","0","3","1","24","13770"
"Maikel Franco","Phillies","80","335","14","45","50","1","7.8 %","15.5 %",".217",".297",".280",".343",".497",".360","129","-0.7","10.7","-6.3","1.6","12.4","0.1","0","48","22","1","26","2","22","12179"
"Michael Conforto","Mets","56","194","9","30","26","0","8.8 %","20.1 %",".236",".297",".270",".335",".506",".359","133","0.6","8.1","5.5","2.1","7.2","-0.5","1","24","14","0","17","0","22","16376"
"KikÃ© Hernandez","Dodgers","76","218","7","24","22","0","5.0 %","21.1 %",".183",".364",".307",".346",".490",".359","133","-1.2","7.2","2.5","1.7","7.9","-0.9","2","41","12","2","11","0","23","10472"
"Francisco Lindor","Indians","99","438","12","50","51","12","6.2 %","15.8 %",".169",".348",".313",".353",".482",".358","126","-0.6","12.8","14.9","4.5","15.6","1.4","2","84","22","4","27","0","21","12916"
"Michael Reed","Brewers","7","6","0","2","0","0","0.0 %","50.0 %",".167",".667",".333",".333",".500",".356","123","-0.8","-0.6","1.5","0.1","0.2","0.0","0","1","1","0","0","0","22","13228"
"Alec Asher","Phillies","7","6","0","0","0","0","0.0 %","50.0 %",".167",".667",".333",".333",".500",".356","127","0.0","0.2","0.6","0.1","0.2","0.0","0","1","1","0","0","0","23","13560"
"Jung Ho Kang","Pirates","126","467","15","60","58","5","6.0 %","21.2 %",".173",".344",".287",".355",".461",".356","129","3.4","19.3","2.9","3.9","15.9","-0.8","4","80","24","2","28","0","28","17182"
"Shawn O'Malley","Mariners","24","57","1","10","7","3","21.1 %","24.6 %",".095",".357",".262",".418",".357",".354","129","0.4","2.3","-3.4","0.1","1.9","0.6","0","9","1","0","12","0","27","9629"
"Jason Rogers","Brewers","86","169","4","22","16","0","8.9 %","20.1 %",".145",".360",".296",".367",".441",".354","121","0.6","4.8","-3.2","0.7","5.5","-0.1","0","33","6","2","15","0","27","11773"
"Aaron Altherr","Phillies","39","161","5","25","22","6","9.9 %","25.5 %",".248",".301",".241",".338",".489",".353","125","0.9","5.6","6.0","1.8","5.2","0.3","2","13","11","4","16","0","24","11270"
"Tommy Pham","Cardinals","52","173","5","28","18","2","11.0 %","23.7 %",".209",".333",".268",".347",".477",".352","125","3.3","8.3","0.8","1.5","5.4","0.3","0","24","7","5","19","1","27","2967"
"Sugar Marimon","Braves","16","7","0","0","0","0","14.3 %","42.9 %",".000",".667",".333",".429",".333",".350","122","0.0","0.2","0.7","0.1","0.2","0.0","0","2","0","0","1","0","26","6027"
"Bryan Anderson","Athletics","4","8","0","0","1","0","12.5 %","12.5 %",".000",".400",".400",".429",".400",".350","126","0.2","0.4","0.1","0.1","0.2","0.0","0","2","0","0","1","0","28","9871"
"Jackson Williams","Giants","7","14","0","1","1","1","28.6 %","7.1 %",".100",".222",".200",".429",".300",".349","126","0.2","0.6","0.3","0.1","0.4","0.2","0","1","1","0","4","0","29","8524"
"Travis Shaw","Red Sox","65","248","13","31","36","0","7.3 %","23.0 %",".217",".304",".270",".327",".487",".348","116","0.9","5.5","0.6","1.5","6.9","-0.5","1","38","10","0","18","1","25","11982"
"Scott Schebler","Dodgers","19","40","3","6","4","2","7.5 %","32.5 %",".250",".300",".250",".325",".500",".348","126","0.3","1.5","2.3","0.5","1.1","0.0","1","6","0","0","3","1","24","12225"
"Justin Bour","Marlins","129","446","23","42","73","0","7.6 %","22.6 %",".218",".294",".262",".321",".479",".343","118","-7.0","2.2","-12.9","0.3","10.4","-0.2","0","64","20","0","34","3","27","9744"
"Clint Robinson","Nationals","126","352","10","44","34","0","10.5 %","14.8 %",".152",".298",".272",".358",".424",".340","114","-2.2","3.8","-10.6","0.4","7.6","-0.2","0","58","15","1","37","4","30","6908"
"Ben Paulsen","Rockies","116","354","11","42","49","1","6.5 %","26.0 %",".185",".351",".277",".326",".462",".339","96","0.9","-0.7","-3.5","0.7","7.2","-0.7","2","56","19","4","23","0","27","9741"
"Domingo Santana","- - -","52","187","8","20","26","4","10.7 %","33.7 %",".194",".330",".238",".337",".431",".336","111","2.5","4.9","-6.6","0.4","3.5","0.3","1","23","7","0","20","0","22","10348"
"Adam Duvall","Reds","27","72","5","6","9","0","8.3 %","36.1 %",".266",".273",".219",".306",".484",".336","111","1.1","2.0","1.5","0.6","1.3","0.0","0","7","2","0","6","1","26","10950"
"Adonis Garcia","Braves","58","198","10","20","26","0","2.5 %","17.7 %",".220",".291",".277",".293",".497",".336","113","-2.1","0.9","1.1","0.9","3.6","-0.1","0","31","12","0","5","0","30","13777"
"Kelby Tomlinson","Giants","54","193","2","23","20","5","7.3 %","20.7 %",".101",".382",".303",".358",".404",".335","117","1.3","5.1","-0.1","1.2","3.4","-0.7","4","43","6","3","14","0","25","13005"
"Joc Pederson","Dodgers","151","585","26","67","54","4","15.7 %","29.1 %",".206",".262",".210",".346",".417",".335","117","-0.1","11.2","-1.8","2.9","10.1","-2.2","7","55","19","1","92","6","23","11899"
"Jorge Polanco","Twins","4","12","0","1","1","1","16.7 %","8.3 %",".000",".333",".300",".417",".300",".335","110","0.4","0.5","0.2","0.1","0.2","0.2","0","3","0","0","2","0","21","13152"
"Socrates Brito","Diamondbacks","18","34","0","5","1","1","2.9 %","20.6 %",".152",".385",".303",".324",".455",".333","106","0.7","0.9","1.7","0.4","0.5","0.2","0","6","3","1","1","0","22","12944"
"Odubel Herrera","Phillies","147","537","8","64","41","16","5.2 %","24.0 %",".121",".387",".297",".344",".418",".333","111","2.1","9.1","11.7","4.0","8.6","-0.2","8","106","30","3","28","0","23","11476"
"Matt Duffy","Giants","149","612","12","77","77","12","4.9 %","15.7 %",".133",".336",".295",".334",".428",".331","114","4.4","14.4","11.5","4.8","8.8","2.1","0","123","28","6","30","0","24","13836"
"Roberto Perez","Indians","70","226","7","30","21","0","14.6 %","28.3 %",".174",".304",".228",".348",".402",".331","108","-1.2","0.8","7.5","1.7","3.2","-0.1","0","25","9","1","33","1","26","2900"
"Ketel Marte","Mariners","57","247","2","25","17","8","9.7 %","17.4 %",".119",".341",".283",".351",".402",".330","112","0.6","4.1","4.1","1.7","3.3","-0.1","4","43","14","3","24","0","21","13613"
"Chris Dominguez","Reds","14","23","1","2","3","0","0.0 %","52.2 %",".261",".500",".261",".261",".522",".329","106","0.3","0.5","-0.1","0.1","0.3","0.0","0","3","1","1","0","0","28","9718"
"Joey Butler","Rays","88","276","8","30","30","5","5.8 %","29.7 %",".140",".377",".276",".326",".416",".325","108","-4.6","-2.0","-4.6","0.3","2.6","0.1","2","51","12","0","16","0","29","7799"
"Doug Bernier","Twins","4","6","0","1","2","0","16.7 %","50.0 %",".200",".500",".200",".333",".400",".324","103","0.0","0.0","0.1","0.0","0.1","0.0","0","0","1","0","1","0","35","4518"
"Mark Canha","Athletics","124","485","16","61","70","7","6.8 %","19.8 %",".172",".289",".254",".315",".426",".323","107","2.2","6.1","-8.2","1.5","3.6","0.4","2","71","22","3","33","0","26","11445"
"Jaff Decker","Pirates","23","36","0","8","1","0","19.4 %","25.0 %",".107",".316",".214",".371",".321",".319","104","0.6","0.8","-3.5","-0.2","0.2","0.0","0","4","1","1","7","0","25","7945"
"Cory Spangenberg","Padres","108","345","4","38","21","9","8.1 %","21.7 %",".129",".344",".271",".333",".399",".319","104","3.4","5.2","3.1","2.0","1.6","0.1","4","56","17","5","28","1","24","12294"
"Jesus Aguilar","Indians","7","20","0","0","2","0","0.0 %","35.0 %",".053",".500",".316",".350",".368",".319","100","0.0","0.0","-1.7","-0.1","0.1","0.0","0","5","1","0","0","0","25","11342"
"John Ryan Murphy","Yankees","67","172","3","21","14","0","7.0 %","25.0 %",".129",".357",".277",".327",".406",".319","100","-0.7","-0.7","1.6","0.7","0.7","-0.1","0","30","9","1","12","0","24","10346"
"Tyler Collins","Tigers","60","207","4","18","25","2","6.3 %","20.8 %",".151",".324",".266",".316",".417",".318","100","1.7","1.7","-5.9","0.3","0.8","-0.1","1","33","11","3","13","0","25","12723"
"Eric Fryer","Twins","15","27","0","2","2","0","18.5 %","40.7 %",".091",".455",".227",".370",".318",".318","99","0.0","-0.1","0.6","0.2","0.1","0.0","0","3","2","0","5","0","29","8145"
"Preston Tucker","Astros","98","323","13","35","33","0","6.2 %","21.1 %",".193",".274",".243",".297",".437",".318","103","0.2","1.3","-8.3","0.4","1.2","-0.9","2","41","19","0","20","0","24","13633"
"Greg Garcia","Cardinals","49","87","2","7","4","0","11.5 %","13.8 %",".147",".262",".240",".337",".387",".318","101","0.1","0.2","-0.9","0.2","0.3","0.0","0","11","5","0","10","1","25","10951"
"Billy Burns","Athletics","125","555","5","70","42","26","4.7 %","14.6 %",".098",".339",".294",".334",".392",".317","103","5.6","7.6","-3.4","2.4","1.7","1.8","8","121","18","9","26","1","25","12701"
"Delino DeShields","Rangers","121","492","2","83","37","25","10.8 %","20.5 %",".113",".334",".261",".344",".374",".317","96","7.4","5.0","-8.2","1.4","1.5","1.6","8","77","22","10","53","1","22","11379"
"Steven Souza Jr.","Rays","110","426","16","59","40","12","10.8 %","33.8 %",".174",".318",".225",".318",".399",".316","102","4.3","5.4","-5.3","1.5","1.1","-0.2","6","52","15","1","46","0","26","5667"
"Matt Hague","Blue Jays","10","15","0","1","0","0","13.3 %","26.7 %",".083",".375",".250",".400",".333",".316","98","0.0","0.0","-1.0","-0.1","0.0","0.0","0","2","1","0","2","1","29","7772"
"Eddie Rosario","Twins","122","474","13","60","50","11","3.2 %","24.9 %",".192",".332",".267",".289",".459",".316","97","4.7","3.0","2.3","2.2","0.9","-0.3","6","75","18","15","15","3","23","12155"
"Cole Figueroa","Yankees","2","8","0","2","0","0","0.0 %","0.0 %",".250",".250",".250",".250",".500",".314","97","0.3","0.3","-0.3","0.0","0.0","0.0","0","0","2","0","0","0","28","8790"
"Michael Blazek","Brewers","45","4","0","0","1","0","0.0 %","50.0 %",".250",".500",".250",".250",".500",".314","94","0.0","0.0","0.4","0.1","0.0","0.0","0","0","1","0","0","0","26","9654"
"Pedro Severino","Nationals","2","4","0","1","0","0","0.0 %","25.0 %",".250",".333",".250",".250",".500",".314","96","0.1","0.1","0.1","0.0","0.0","0.0","0","0","1","0","0","0","21","14523"
"Jorge Soler","Cubs","101","404","10","39","47","3","7.9 %","30.0 %",".137",".361",".262",".324",".399",".312","96","1.4","-0.3","-11.4","0.1","-0.3","0.0","1","67","18","1","32","5","23","14221"
"Jake Lamb","Diamondbacks","107","390","6","38","34","3","9.2 %","24.9 %",".123",".344",".263",".331",".386",".312","92","1.1","-2.7","9.2","2.0","-0.4","-0.4","2","66","15","5","36","3","24","13329"
"Blake Swihart","Red Sox","84","309","5","47","31","4","5.8 %","24.9 %",".118",".359",".274",".319",".392",".312","91","0.8","-2.4","5.9","1.4","-0.4","-0.1","2","56","17","1","18","0","23","13176"
"Christian Colon","Royals","43","119","0","8","6","3","9.2 %","14.3 %",".047",".344",".290",".356",".336",".311","94","-1.3","-2.1","0.0","0.2","-0.2","-0.3","2","26","5","0","11","0","26","11145"
"Hector Olivera","Braves","24","87","2","4","11","0","5.7 %","13.8 %",".152",".273",".253",".310",".405",".311","96","0.0","-0.4","-3.4","-0.1","-0.1","0.0","0","13","4","1","5","0","30","17528"
"Reynaldo Navarro","Orioles","10","30","1","5","3","0","0.0 %","10.0 %",".172",".280",".276",".276",".448",".310","92","0.4","0.1","-1.6","-0.1","-0.1","0.0","0","5","2","0","0","0","25","6008"
"Richie Shaffer","Rays","31","88","4","11","6","0","11.4 %","36.4 %",".203",".256",".189",".307",".392",".309","97","0.2","-0.1","-1.4","0.2","-0.3","-0.4","1","7","3","0","10","0","24","13271"
"Yasmany Tomas","Diamondbacks","118","426","9","40","48","5","4.0 %","25.8 %",".128",".354",".273",".305",".401",".307","88","-3.5","-9.3","-16.6","-1.3","-2.1","0.0","2","80","19","3","17","0","24","17171"
"Joey Gallo","Rangers","36","123","6","16","14","3","12.2 %","46.3 %",".213",".356",".204",".301",".417",".305","87","1.9","0.0","2.0","0.6","-0.8","0.6","0","12","3","1","15","3","21","14128"
"Addison Russell","Cubs","142","523","13","60","54","4","8.0 %","28.5 %",".147",".324",".242",".307",".389",".304","91","0.4","-5.4","17.1","3.0","-4.0","-0.6","3","72","29","1","42","2","21","14106"
"Jefry Marte","Tigers","33","90","4","9","11","0","8.9 %","24.4 %",".200",".241",".213",".284",".413",".304","90","0.2","-0.9","-4.5","-0.3","-0.7","0.0","0","9","4","0","8","0","24","5107"
"Paulo Orlando","Royals","86","251","7","31","27","3","2.0 %","21.1 %",".195",".291",".249",".269",".444",".303","88","1.7","-1.7","3.0","1.0","-2.0","-0.7","3","33","14","6","5","0","29","8628"
"Austin Barnes","Dodgers","20","37","0","4","1","1","16.2 %","16.2 %",".069",".261",".207",".361",".276",".302","94","0.0","-0.3","-0.6","0.0","-0.3","0.2","0","4","2","0","6","0","25","12158"
"Tim Cooney","Cardinals","6","11","0","1","0","0","0.0 %","0.0 %",".100",".300",".300",".300",".400",".302","90","0.0","-0.1","1.1","0.1","-0.1","0.0","0","2","1","0","0","0","24","13762"
"Henry Urrutia","Orioles","10","36","1","3","6","0","5.6 %","8.3 %",".118",".267",".265",".306",".382",".302","87","-0.5","-1.1","0.6","0.1","-0.3","0.0","0","7","1","0","2","0","28","14441"
"Ivan De Jesus","Reds","76","222","4","15","28","0","8.6 %","24.8 %",".129",".315",".244",".311",".373",".301","87","-0.6","-4.0","-1.8","0.1","-2.1","-0.9","2","33","10","2","19","0","28","9886"
"Tim Beckham","Rays","83","223","9","24","37","3","5.8 %","30.9 %",".207",".279",".222",".274",".429",".300","91","-0.5","-2.8","-4.0","0.0","-2.4","0.1","1","25","7","4","13","0","25","7949"
"Shane Peterson","Brewers","93","226","2","22","16","0","8.8 %","24.3 %",".095",".345",".259",".324",".353",".299","84","-0.2","-4.5","-2.5","0.0","-2.6","-0.5","1","40","7","3","20","1","27","7423"
"Dilson Herrera","Mets","31","103","3","7","6","2","10.7 %","22.3 %",".156",".250",".211",".311",".367",".298","91","0.4","-0.7","3.9","0.7","-1.2","0.4","0","12","3","1","11","1","21","14335"
"J.T. Realmuto","Marlins","126","467","10","49","47","8","4.1 %","15.0 %",".147",".285",".259",".290",".406",".298","87","1.0","-5.9","8.8","1.8","-5.7","-0.2","4","76","21","7","19","2","24","11739"
"James McCann","Tigers","114","425","7","32","41","0","3.8 %","21.2 %",".122",".325",".264",".297",".387",".297","86","-5.2","-12.3","8.0","1.0","-5.4","-0.6","1","76","18","5","16","0","25","12859"
"Alex Guerrero","Dodgers","106","230","11","25","36","1","3.0 %","24.8 %",".201",".261",".233",".261",".434",".297","91","-3.3","-5.8","-3.2","-0.2","-3.0","0.1","0","30","9","1","7","0","28","15670"
"Andrew Susac","Giants","52","148","3","14","14","0","9.5 %","29.1 %",".150",".299",".218",".297",".368",".294","88","-1.3","-3.3","-1.4","0.0","-2.3","-0.1","0","17","7","2","14","0","25","13132"
"Sean Gilmartin","Mets","50","6","0","1","0","0","0.0 %","50.0 %",".000",".667",".333",".333",".333",".294","88","0.0","-0.1","0.6","0.1","-0.1","0.0","0","2","0","0","0","0","25","12781"
"Dariel Alvarez","Orioles","12","31","1","3","1","0","6.5 %","25.8 %",".138",".300",".241",".290",".379",".294","81","0.0","-0.7","1.1","0.1","-0.5","0.0","0","5","1","0","2","0","26","15580"
"Dalton Pompey","Blue Jays","34","103","2","17","6","5","6.8 %","22.3 %",".149",".275",".223",".291",".372",".292","81","1.6","-0.7","-0.5","0.2","-1.7","0.6","1","11","8","0","7","0","22","12797"
"Cameron Rupp","Phillies","81","299","9","24","28","0","8.0 %","23.7 %",".141",".281",".233",".301",".374",".291","82","-1.7","-8.0","8.0","1.0","-5.4","-0.5","1","44","9","1","24","5","26","11146"
"Jace Peterson","Braves","152","597","6","55","52","12","9.4 %","20.1 %",".097",".296",".239",".314",".335",".287","79","1.3","-13.0","4.2","1.0","-12.5","-1.8","10","92","23","5","56","4","25","12325"
"Max Muncy","Athletics","45","112","3","14","9","0","8.0 %","27.7 %",".186",".261",".206",".268",".392",".285","81","-0.9","-3.4","-4.5","-0.4","-2.5","0.0","0","9","8","1","9","0","24","13301"
"Darnell Sweeney","Phillies","37","98","3","9","11","0","13.3 %","27.6 %",".176",".218",".176",".286",".353",".285","78","0.0","-2.6","-6.3","-0.6","-2.2","-0.8","2","7","4","1","13","0","24","13284"
"Carlos Perez","Angels","86","283","4","20","21","2","6.7 %","17.3 %",".096",".292",".250",".299",".346",".284","82","-0.5","-6.6","7.0","1.0","-6.5","0.3","0","48","13","0","19","0","24","10642"
"Eury Perez","Braves","47","133","0","10","5","3","5.3 %","17.3 %",".034",".333",".269",".331",".303",".284","78","1.5","-1.9","-4.9","-0.3","-3.1","0.1","1","28","4","0","7","1","25","10299"
"Jake Smolinski","- - -","76","192","6","24","26","1","9.9 %","20.3 %",".175",".208",".193",".281",".367",".284","78","1.4","-3.6","2.2","0.5","-4.5","-0.3","1","17","7","2","19","0","26","5408"
"Cheslor Cuthbert","Royals","19","50","1","6","8","0","8.0 %","18.0 %",".152",".250",".217",".280",".370",".284","75","-0.8","-2.3","3.5","0.3","-1.2","0.0","0","6","2","1","4","0","22","10473"
"Tucker Barnhart","Reds","81","274","3","23","18","0","9.1 %","16.4 %",".074",".294",".252",".324",".326",".284","75","-1.7","-9.6","5.2","0.4","-6.4","-0.5","1","49","9","0","25","5","24","10200"
"Rusney Castillo","Red Sox","80","289","5","35","29","4","4.5 %","18.7 %",".106",".298",".253",".288",".359",".283","71","-3.2","-12.8","7.3","0.4","-7.0","-1.3","5","52","10","2","13","0","27","17016"
"Colin Rea","Padres","7","12","0","2","0","0","8.3 %","33.3 %",".111",".400",".222",".300",".333",".282","79","0.0","-0.3","1.2","0.1","-0.3","0.0","0","1","1","0","1","0","24","12317"
"Steven Matz","Mets","6","14","0","1","5","0","0.0 %","7.1 %",".071",".308",".286",".286",".357",".278","78","0.0","-0.4","1.5","0.2","-0.4","0.0","0","3","1","0","0","0","24","13361"
"Trea Turner","Nationals","27","44","1","5","1","2","9.1 %","27.3 %",".100",".296",".225",".295",".325",".278","72","-0.1","-1.6","1.0","0.1","-1.2","-0.4","2","7","1","0","4","0","22","16252"
"Nick Ahmed","Diamondbacks","134","459","9","49","34","4","6.3 %","17.6 %",".133",".257",".226",".275",".359",".276","67","2.4","-15.4","16.7","1.7","-13.7","-1.3","5","63","17","6","29","1","25","12147"
"Josh Smith","Reds","10","10","0","1","0","0","0.0 %","40.0 %",".222",".400",".222",".222",".444",".275","69","0.0","-0.4","1.0","0.1","-0.3","0.0","0","1","0","1","0","0","27","10946"
"Michael Taylor","Nationals","138","511","14","49","63","16","6.8 %","30.9 %",".129",".311",".229",".282",".358",".274","69","-0.5","-18.9","12.3","1.0","-15.9","1.8","3","77","15","2","35","9","24","11489"
"Brandon Drury","Diamondbacks","20","59","2","3","8","0","3.4 %","13.6 %",".161",".217",".214",".254",".375",".274","65","-1.7","-4.1","0.0","-0.2","-1.9","0.0","0","7","3","0","2","0","22","11615"
"Tyler Ladendorf","Athletics","9","18","0","3","2","0","5.6 %","11.1 %",".118",".267",".235",".278",".353",".274","73","0.6","0.0","0.0","0.1","-0.6","0.0","0","3","0","1","1","0","27","3211"
"David Holmberg","Reds","6","12","0","2","0","0","16.7 %","41.7 %",".000",".333",".125",".364",".125",".270","66","0.0","-0.5","1.2","0.1","-0.4","0.0","0","1","0","0","2","0","23","7725"
"Tommy Field","Rangers","14","45","2","6","5","1","4.4 %","35.6 %",".171",".261",".195",".250",".366",".270","63","0.5","-1.4","-0.9","-0.1","-1.6","0.2","0","5","1","0","2","0","28","6262"
"Giovanny Urshela","Indians","81","288","6","25","21","0","6.3 %","20.1 %",".105",".266",".225",".279",".330",".270","66","-3.3","-14.7","5.2","0.0","-10.0","-0.5","1","45","8","1","18","0","23","10681"
"Taylor Jungmann","Brewers","21","44","0","2","0","0","2.3 %","27.3 %",".054",".400",".270",".289",".324",".270","64","0.0","-1.9","4.6","0.4","-1.5","0.0","0","8","2","0","1","0","25","13119"
"Matt Szczur","Cubs","47","80","1","5","8","2","7.5 %","18.8 %",".111",".263",".222",".278",".333",".269","67","1.2","-1.9","-2.4","-0.2","-2.8","0.4","0","10","5","0","6","0","25","11255"
"Rafael Ynoa","Rockies","72","131","0","14","9","1","2.3 %","21.4 %",".079",".333",".260",".277",".339",".268","48","0.4","-7.5","-2.2","-0.6","-4.7","0.1","0","24","8","1","3","0","27","2832"
"Dixon Machado","Tigers","24","78","0","6","5","1","9.0 %","17.9 %",".044",".296",".235",".307",".279",".267","65","-0.1","-3.3","2.6","0.2","-2.9","0.2","0","13","3","0","7","0","23","11472"
"Ehire Adrianza","Giants","52","134","0","11","11","3","11.2 %","14.9 %",".080",".226",".186",".303",".265",".265","69","-0.4","-5.3","3.2","0.2","-5.1","-0.2","2","13","7","1","15","0","25","8418"
"Ryan Rua","Rangers","28","86","4","10","7","0","3.5 %","37.2 %",".205",".255",".193",".221",".398",".265","60","-0.3","-4.3","-0.8","-0.2","-3.3","0.0","0","7","5","0","3","0","25","12409"
"Micah Johnson","White Sox","36","114","0","10","4","3","7.9 %","26.3 %",".040",".329",".230",".306",".270",".265","62","0.7","-4.3","-2.7","-0.4","-4.4","-0.2","2","19","4","0","9","0","24","13809"
"Joey Terdoslavich","Braves","28","59","1","5","4","0","5.1 %","23.7 %",".161",".268",".214",".254",".375",".265","64","0.1","-2.4","1.2","0.1","-2.3","0.0","0","6","4","1","3","1","26","10593"
"Daniel Castro","Braves","33","100","2","14","5","0","3.0 %","15.0 %",".104",".266",".240",".263",".344",".264","64","0.0","-4.3","2.7","0.2","-3.9","0.0","0","18","2","1","3","0","22","15450"
"Tyler Saladino","White Sox","68","254","4","33","20","8","4.7 %","20.1 %",".110",".269",".225",".267",".335",".264","62","1.1","-10.1","4.2","0.3","-10.0","0.7","2","39","6","4","12","0","25","10807"
"Carlos Sanchez","White Sox","120","420","5","40","31","2","4.5 %","19.3 %",".103",".270",".224",".268",".326",".262","61","-2.0","-21.1","6.0","-0.1","-17.1","-0.5","2","58","23","1","19","0","23","11602"
"Cristhian Adames","Rockies","26","58","0","4","3","0","5.2 %","19.0 %",".057",".310",".245",".298",".302",".261","43","0.8","-3.1","-0.3","-0.2","-2.4","-0.4","1","11","1","1","3","1","23","6013"
"Xavier Scruggs","Cardinals","17","43","0","5","7","1","0.0 %","23.3 %",".048",".344",".262",".279",".310",".259","61","-0.1","-2.1","-0.5","-0.1","-1.8","0.2","0","9","2","0","0","0","27","7409"
"Trevor Brown","Giants","13","43","0","1","5","1","7.0 %","18.6 %",".077",".281",".231",".279",".308",".258","64","-0.3","-2.1","-0.1","-0.1","-1.9","-0.2","1","6","3","0","3","0","23","13895"
"Travis Jankowski","Padres","34","96","2","9","12","2","4.2 %","25.0 %",".133",".266",".211",".245",".344",".256","61","0.7","-3.7","0.0","-0.1","-4.4","0.0","1","13","2","2","4","0","24","13768"
"Michael Lorenzen","Reds","33","41","0","4","4","0","0.0 %","31.7 %",".056",".391",".250",".270",".306",".253","54","0.0","-2.2","4.3","0.4","-2.0","0.0","0","8","0","1","0","0","23","14843"
"Byron Buxton","Twins","46","138","2","16","6","2","4.3 %","31.9 %",".116",".301",".209",".250",".326",".252","53","-0.4","-7.9","-1.8","-0.5","-6.7","-0.4","2","17","7","1","6","0","21","14161"
"Steven Moya","Tigers","9","25","0","1","0","0","12.0 %","40.0 %",".091",".333",".182",".280",".273",".252","54","-0.4","-1.7","0.4","-0.1","-1.2","0.0","0","3","0","1","3","0","23","11854"
"Kevin Plawecki","Mets","73","258","3","18","21","0","6.6 %","23.3 %",".077",".277",".219",".280",".296",".252","59","-0.4","-12.7","6.2","0.2","-12.7","-0.1","0","39","9","0","17","4","24","13807"
"Hernan Perez","- - -","112","272","1","14","21","5","1.8 %","21.7 %",".084",".309",".243",".257",".327",".251","52","0.8","-14.5","3.5","-0.3","-13.4","0.5","1","46","15","2","5","1","24","5751"
"Allan Dykstra","Rays","13","38","1","3","4","0","15.8 %","31.6 %",".097",".167",".129",".289",".226",".251","57","-0.7","-2.6","-1.8","-0.3","-1.9","0.0","0","3","0","0","6","0","28","9113"
"Darrell Ceciliani","Mets","39","75","1","5","3","5","5.3 %","33.3 %",".074",".310",".206",".270",".279",".249","58","0.3","-3.4","3.8","0.3","-3.8","0.6","1","11","2","0","4","0","25","9954"
"Deven Marrero","Red Sox","25","56","1","8","3","2","5.4 %","33.9 %",".057",".333",".226",".268",".283",".247","46","0.4","-3.1","-4.2","-0.6","-3.0","0.0","1","11","0","0","3","0","24","13325"
"Christian Walker","Orioles","7","12","0","0","0","0","25.0 %","33.3 %",".000",".200",".111",".333",".111",".245","48","0.2","-0.5","-0.2","0.0","-0.7","0.0","0","1","0","0","3","0","24","13419"
"Todd Cunningham","Braves","39","93","0","13","4","2","5.4 %","18.3 %",".047",".275",".221",".280",".267",".244","50","0.5","-5.0","2.6","0.1","-5.2","0.0","1","15","4","0","5","1","26","10822"
"Kaleb Cowart","Angels","34","52","1","8","4","1","9.6 %","36.5 %",".109",".269",".174",".255",".283",".243","53","-1.0","-3.8","1.0","-0.1","-2.9","-0.2","1","5","2","0","5","0","23","11494"
"Jose Pirela","Yankees","37","78","1","7","5","1","2.6 %","20.5 %",".081",".276",".230",".247",".311",".242","47","-0.2","-5.0","-3.1","-0.6","-4.4","0.2","0","13","3","0","2","0","25","5485"
"Kyle Parker","Rockies","46","112","3","10","11","1","5.4 %","33.0 %",".132",".242",".179",".223",".311",".234","25","0.9","-9.0","-1.3","-0.7","-7.1","0.2","0","12","3","1","6","0","25","11763"
"Noah Syndergaard","Mets","24","50","1","2","4","0","2.0 %","52.0 %",".093",".500",".209",".227",".302",".231","45","0.0","-3.2","5.2","0.4","-3.3","0.0","0","7","1","0","1","0","22","11762"
"Hector Gomez","Brewers","66","134","1","15","7","0","2.2 %","29.9 %",".142",".256",".181",".212",".323",".231","37","0.9","-8.9","1.7","-0.3","-8.8","0.0","0","9","11","2","3","0","27","2264"
"Jose Peraza","Dodgers","7","25","0","3","1","3","8.0 %","8.0 %",".136",".200",".182",".250",".318",".230","45","1.0","-0.6","-0.2","0.0","-1.7","0.6","0","2","1","1","2","1","21","13593"
"Mac Williamson","Giants","10","34","0","2","1","0","0.0 %","23.5 %",".063",".280",".219",".235",".281",".223","40","0.0","-2.4","-1.1","-0.3","-2.4","0.0","0","6","0","1","0","0","24","14158"
"Ryan Strausborger","Rangers","31","51","1","9","3","2","5.9 %","21.6 %",".067",".229",".200",".240",".267",".223","31","1.0","-3.1","-1.8","-0.3","-3.7","0.0","1","8","0","0","3","0","27","10937"
"Christian Bethancourt","Braves","48","160","2","16","12","1","3.1 %","20.6 %",".090",".242",".200",".225",".290",".223","35","-1.1","-13.2","5.1","-0.3","-11.6","-0.2","1","21","8","0","5","1","23","10028"
"Alex Dickerson","Padres","11","8","0","0","0","0","0.0 %","37.5 %",".000",".400",".250",".250",".250",".220","37","-0.1","-0.7","0.1","0.0","-0.6","0.0","0","2","0","0","0","0","25","12649"
"Jon Moscot","Reds","3","4","0","0","0","0","0.0 %","50.0 %",".000",".500",".250",".250",".250",".220","32","0.0","-0.3","0.4","0.0","-0.3","0.0","0","1","0","0","0","0","23","13849"
"Buck Farmer","Tigers","14","4","0","0","0","0","0.0 %","75.0 %",".000","1.000",".250",".250",".250",".220","32","0.0","-0.3","0.4","0.0","-0.3","0.0","0","1","0","0","0","0","24","14814"
"Hanser Alberto","Rangers","41","104","0","12","4","1","1.9 %","16.3 %",".040",".268",".222",".238",".263",".220","29","0.6","-8.0","5.7","0.1","-7.7","0.2","0","19","2","1","2","0","22","11902"
"Oscar Hernandez","Diamondbacks","18","36","0","4","1","0","8.3 %","41.7 %",".032",".313",".161",".257",".194",".216","26","0.4","-2.7","0.7","-0.1","-2.8","0.0","0","4","1","0","3","0","21","13490"
"Dustin Garneau","Rockies","22","76","2","6","8","0","7.9 %","18.4 %",".129",".167",".157",".224",".286",".215","12","0.3","-7.5","2.5","-0.3","-5.9","0.0","0","6","3","0","6","2","27","9433"
"Daniel Muno","Mets","17","32","0","2","0","1","12.5 %","34.4 %",".037",".250",".148",".258",".185",".214","34","0.2","-2.3","-0.2","-0.2","-2.5","0.2","0","3","1","0","4","0","26","12214"
"Carson Blair","Athletics","11","35","1","3","3","0","11.4 %","51.4 %",".097",".250",".129",".229",".226",".213","31","0.2","-2.6","-0.3","-0.2","-2.8","0.0","0","3","0","0","4","0","25","5429"
"Jonathan Diaz","Blue Jays","7","16","0","1","2","0","6.3 %","18.8 %",".000",".200",".154",".267",".154",".211","25","0.0","-1.4","0.7","0.0","-1.3","0.0","0","2","0","0","1","0","30","4142"
"Kyle Kubitza","Angels","19","39","0","6","1","0","7.7 %","38.5 %",".000",".333",".194",".256",".194",".211","31","-0.7","-3.8","-0.8","-0.4","-3.2","0.0","0","7","0","0","3","0","24","12148"
"Pedro Villarreal","Reds","29","6","0","0","2","0","0.0 %","50.0 %",".167",".333",".167",".167",".333",".209","24","0.0","-0.5","0.6","0.0","-0.5","0.0","0","0","1","0","0","0","27","9904"
"Taylor Featherston","Angels","101","169","2","23","9","4","4.1 %","27.2 %",".084",".215",".162",".212",".247",".206","27","1.7","-12.6","7.9","0.1","-14.5","0.0","2","17","5","1","7","0","25","12590"
"Ramon Flores","Yankees","12","33","0","3","0","0","0.0 %","12.1 %",".031",".250",".219",".219",".250",".204","21","-0.1","-3.1","3.2","0.1","-2.9","0.0","0","6","1","0","0","0","23","11165"
"Austin Hedges","Padres","56","152","3","13","11","0","5.3 %","25.0 %",".080",".202",".168",".215",".248",".203","25","0.8","-12.4","4.0","-0.4","-13.3","-0.1","0","18","2","0","8","1","22","12976"
"Johnny Monell","Mets","27","52","0","5","4","0","7.7 %","25.0 %",".042",".229",".167",".231",".208",".203","26","-1.1","-5.6","0.7","-0.3","-4.6","0.0","0","6","2","0","4","0","29","2783"
"Luis Sardinas","Brewers","36","105","0","8","4","0","5.7 %","23.8 %",".021",".260",".196",".240",".216",".203","18","-0.2","-10.3","-0.9","-0.8","-9.3","0.0","0","18","0","1","6","1","22","13153"
"Sandy Leon","Red Sox","41","128","0","8","3","0","5.5 %","21.9 %",".018",".244",".184",".238",".202",".199","13","-1.2","-14.1","5.4","-0.5","-11.7","-0.4","1","19","2","0","7","1","26","5273"
"Adam Conley","Marlins","15","22","0","0","1","0","0.0 %","36.4 %",".000",".400",".222",".222",".222",".196","17","0.0","-2.1","2.3","0.1","-2.1","0.0","0","4","0","0","0","0","25","14457"
"Nick Noonan","Giants","14","24","1","2","3","0","8.3 %","33.3 %",".182",".077",".091",".167",".273",".196","21","0.3","-1.9","-0.9","-0.2","-2.3","0.0","0","0","1","0","2","0","26","6880"
"Daniel Dorn","Diamondbacks","23","32","0","0","3","0","6.3 %","31.3 %",".033",".250",".167",".219",".200",".192","10","-0.4","-3.8","0.6","-0.2","-3.1","0.0","0","4","1","0","2","0","30","1050"
"Jesus Sucre","Mariners","52","142","1","9","7","0","4.2 %","14.8 %",".071",".181",".157",".195",".228",".189","15","-0.2","-14.2","6.3","-0.3","-14.1","0.0","0","13","6","0","6","0","27","5942"
"Ryan Lollis","Giants","5","13","0","0","0","1","7.7 %","7.7 %",".000",".182",".167",".231",".167",".188","16","0.2","-1.1","-2.3","-0.3","-1.3","0.2","0","2","0","0","1","0","28","6623"
"Chris Heston","Giants","31","58","0","1","3","0","0.0 %","31.0 %",".039",".303",".196",".196",".235",".187","15","0.0","-5.7","6.0","0.2","-5.8","0.0","0","8","2","0","0","0","27","10302"
"Luke Maile","Rays","15","35","0","2","2","0","0.0 %","22.9 %",".086",".222",".171",".171",".257",".183","10","-0.6","-4.2","1.8","-0.1","-3.6","0.0","0","3","3","0","0","0","24","13355"
"Terrance Gore","Royals","9","4","0","1","0","3","0.0 %","25.0 %",".000",".000",".000",".250",".000",".180","3","0.6","0.1","-1.3","-0.1","-0.4","0.6","0","0","0","0","0","0","24","13658"
"Ian Thomas","- - -","14","4","0","1","0","0","25.0 %","25.0 %",".000",".000",".000",".250",".000",".172","5","0.0","-0.4","0.4","0.0","-0.5","0.0","0","0","0","0","1","0","28","13881"
"Tomas Telis","- - -","23","41","0","2","2","0","2.4 %","9.8 %",".000",".176",".158",".220",".158",".168","-4","-0.6","-5.6","0.3","-0.4","-4.8","0.0","0","6","0","0","1","1","24","10067"
"Anthony DeSclafani","Reds","31","64","0","1","3","0","4.7 %","51.6 %",".017",".346",".155",".194",".172",".167","-5","0.0","-7.8","6.6","0.1","-7.5","0.0","0","8","1","0","3","0","25","13050"
"Wilmer Difo","Nationals","15","11","0","1","0","0","0.0 %","18.2 %",".000",".222",".182",".182",".182",".160","-9","0.3","-1.1","0.1","-0.1","-1.3","0.0","0","2","0","0","0","0","23","14320"
"Matt McBride","Rockies","20","43","0","5","0","0","0.0 %","9.3 %",".000",".184",".167",".186",".167",".160","-26","0.7","-5.6","-0.3","-0.5","-5.3","0.0","0","7","0","0","0","0","30","9373"
"Matt Wisler","Braves","21","36","0","0","1","0","5.6 %","16.7 %",".000",".174",".138",".194",".138",".158","-9","0.0","-4.6","3.7","0.0","-4.5","0.0","0","4","0","0","2","0","22","12804"
"Severino Gonzalez","Phillies","7","12","0","2","1","0","8.3 %","33.3 %",".000",".167",".100",".182",".100",".143","-20","0.0","-1.7","1.2","0.0","-1.6","0.0","0","1","0","0","1","0","22","14697"
"Tyler Holt","- - -","14","34","0","4","0","1","8.8 %","32.4 %",".000",".150",".097",".176",".097",".138","-25","1.0","-3.9","1.4","-0.1","-4.8","0.2","0","3","0","0","3","0","26","11391"
"Nevin Ashley","Brewers","12","21","0","2","1","0","0.0 %","38.1 %",".050",".167",".100",".143",".150",".136","-28","0.1","-3.0","0.4","-0.2","-3.0","0.0","0","1","1","0","0","0","30","3274"
"Francisco Pena","Royals","8","7","0","0","0","0","0.0 %","42.9 %",".000",".250",".143",".143",".143",".126","-34","0.1","-1.0","0.2","-0.1","-1.0","0.0","0","1","0","0","0","0","25","8298"
"Max Kepler","Twins","3","7","0","0","0","0","0.0 %","42.9 %",".000",".250",".143",".143",".143",".126","-34","0.0","-1.1","0.2","-0.1","-1.0","0.0","0","1","0","0","0","0","22","12144"
"Jerad Eickhoff","Phillies","8","16","0","1","2","0","0.0 %","43.8 %",".000",".286",".143",".143",".143",".126","-31","0.0","-2.4","1.7","0.0","-2.4","0.0","0","2","0","0","0","0","24","12664"
"Archie Bradley","Diamondbacks","8","14","0","0","0","0","0.0 %","50.0 %",".000",".286",".143",".143",".143",".126","-36","-0.4","-2.6","1.5","-0.1","-2.1","-0.4","1","2","0","0","0","0","22","12918"
"Joe Ross","Nationals","17","30","0","2","0","0","0.0 %","36.7 %",".000",".188",".111",".143",".111",".120","-36","0.0","-4.8","-0.1","-0.4","-4.6","0.0","0","3","0","0","0","0","22","12972"
"Juan Centeno","Brewers","10","23","0","0","0","0","8.7 %","30.4 %",".048",".071",".048",".130",".095",".114","-43","0.1","-3.7","-0.6","-0.4","-3.7","0.0","0","0","1","0","2","0","25","7168"
"Jon Gray","Rockies","9","13","0","1","0","0","15.4 %","46.2 %",".000",".000",".000",".154",".000",".106","-63","0.0","-2.5","1.3","-0.1","-2.2","0.0","0","0","0","0","2","0","23","14916"
"Williams Perez","Braves","23","34","0","2","0","0","5.9 %","38.2 %",".000",".133",".071",".133",".071",".105","-46","0.0","-5.8","3.5","-0.1","-5.7","0.0","0","2","0","0","2","0","24","11592"
"Aaron Nola","Phillies","13","26","0","0","1","0","3.8 %","61.5 %",".000",".286",".087",".125",".087",".102","-47","0.0","-4.5","2.7","-0.1","-4.4","0.0","0","2","0","0","1","0","22","16149"
"Carlos Frias","Dodgers","17","24","0","1","0","0","4.2 %","50.0 %",".000",".111",".048",".130",".048",".099","-45","0.0","-4.1","2.5","-0.1","-4.1","0.0","0","1","0","0","1","0","25","3547"
"Zack Godley","Diamondbacks","9","10","0","0","0","0","0.0 %","60.0 %",".000",".333",".111",".111",".111",".098","-55","0.0","-1.8","1.0","0.0","-1.7","0.0","0","1","0","0","0","0","25","14862"
"Andrew Lambo","Pirates","20","27","0","1","0","0","7.4 %","29.6 %",".040",".059",".040",".111",".080",".097","-48","0.2","-4.5","-1.7","-0.6","-4.7","0.0","0","0","1","0","2","0","26","5386"
"Robbie Ray","Diamondbacks","23","36","0","0","0","0","0.0 %","38.9 %",".032",".176",".097",".097",".129",".097","-56","0.0","-6.5","3.7","-0.2","-6.2","0.0","0","2","1","0","0","0","23","11486"
"Jhonatan Solano","Marlins","7","21","0","1","2","0","4.8 %","4.8 %",".050",".053",".050",".095",".100",".093","-54","0.2","-3.6","-0.5","-0.4","-3.7","0.0","0","0","1","0","1","0","29","7515"
"Rocky Gale","Padres","11","10","0","0","0","0","0.0 %","10.0 %",".000",".111",".100",".100",".100",".088","-54","-0.2","-2.0","0.1","-0.2","-1.8","0.0","0","1","0","0","0","0","27","10533"
"John Hicks","Mariners","17","34","0","1","1","1","2.9 %","52.9 %",".031",".143",".063",".091",".094",".086","-56","-0.8","-7.0","1.6","-0.5","-6.2","-0.2","1","1","1","0","1","0","25","12547"
"Raisel Iglesias","Reds","18","31","0","0","1","0","0.0 %","41.9 %",".067",".118",".067",".067",".133",".082","-63","0.0","-5.9","3.2","-0.2","-5.7","0.0","0","1","0","1","0","0","25","17130"
"Adam Morgan","Phillies","15","27","0","2","1","0","0.0 %","44.4 %",".038",".143",".077",".077",".115",".082","-61","0.0","-5.1","2.8","-0.2","-5.0","0.0","0","1","1","0","0","0","25","12580"
"John Lamb","Reds","10","16","0","0","1","0","0.0 %","50.0 %",".063",".125",".063",".063",".125",".079","-66","0.0","-3.1","1.7","-0.1","-3.0","0.0","0","0","1","0","0","0","24","8493"
"Mike Foltynewicz","Braves","18","30","0","0","3","0","0.0 %","63.3 %",".036",".200",".071",".069",".107",".074","-67","0.0","-5.8","3.1","-0.2","-5.7","0.0","0","1","1","0","0","0","23","10811"
"Ryan LaMarre","Reds","21","26","0","2","0","0","0.0 %","34.6 %",".000",".125",".080",".080",".080",".070","-71","-0.2","-5.4","1.0","-0.4","-5.0","0.0","0","2","0","0","0","0","26","10700"
"Ryan Jackson","Angels","22","14","0","0","0","0","7.1 %","35.7 %",".000",".000",".000",".100",".000",".069","-67","-0.3","-3.0","-0.7","-0.3","-2.7","0.0","0","0","0","0","1","0","27","6596"
"Jose Urena","Marlins","20","13","0","0","0","0","0.0 %","69.2 %",".000",".250",".077",".077",".077",".068","-71","0.0","-2.6","1.3","-0.1","-2.5","0.0","0","1","0","0","0","0","23","11589"
"Zach Davies","Brewers","6","14","0","1","0","0","0.0 %","21.4 %",".000",".100",".077",".077",".077",".068","-75","0.0","-2.9","1.5","-0.1","-2.7","0.0","0","1","0","0","0","0","22","13183"
"Yadiel Rivera","Brewers","7","15","0","0","0","0","0.0 %","26.7 %",".000",".100",".071",".071",".071",".063","-78","0.2","-2.9","0.7","-0.2","-3.0","0.0","0","1","0","0","0","0","23","11863"
"Eddie Butler","Rockies","16","24","0","0","0","0","0.0 %","54.2 %",".000",".100",".043",".043",".043",".038","-100","0.0","-5.9","2.5","-0.3","-5.3","0.0","0","1","0","0","0","0","24","13453"
"Justin Nicolino","Marlins","13","27","0","0","0","0","0.0 %","29.6 %",".000",".059",".040",".040",".040",".035","-93","0.0","-6.1","2.8","-0.3","-6.0","0.0","0","1","0","0","0","0","23","11754"
"Aaron Thompson","Twins","41","0","0","0","0","0","0.0 %","0.0 %",".000",".000",".000",".000",".000",".000","","0.0","0.0","0.0","0.0","0.0","0.0","0","0","0","0","0","0","28","999"
"Jon Edwards","- - -","22","0","0","0","0","0","0.0 %","0.0 %",".000",".000",".000",".000",".000",".000","","0.0","0.0","0.0","0.0","0.0","0.0","0","0","0","0","0","0","27","1483"
"Edward Easley","Cardinals","4","7","0","0","1","0","0.0 %","14.3 %",".000",".000",".000",".000",".000",".000","-100","-0.2","-2.0","0.1","-0.2","-1.8","0.0","0","0","0","0","0","0","29","2487"
"Jacob Brigham","Braves","12","2","0","0","0","0","0.0 %","50.0 %",".000",".000",".000",".000",".000",".000","-100","0.0","-0.5","0.2","0.0","-0.5","0.0","0","0","0","0","0","0","27","2851"
"Josh Ravin","Dodgers","9","0","0","0","0","0","0.0 %","0.0 %",".000",".000",".000",".000",".000",".000","","0.0","0.0","0.0","0.0","0.0","0.0","0","0","0","0","0","0","27","2951"
"Angel Castro","Athletics","5","0","0","0","0","0","0.0 %","0.0 %",".000",".000",".000",".000",".000",".000","","0.0","0.0","0.0","0.0","0.0","0.0","0","0","0","0","0","0","32","3243"
"Jumbo Diaz","Reds","61","0","0","0","0","0","0.0 %","0.0 %",".000",".000",".000",".000",".000",".000","","0.0","0.0","0.0","0.0","0.0","0.0","0","0","0","0","0","0","31","3397"
"Enrique Burgos","Diamondbacks","30","0","0","0","0","0","0.0 %","0.0 %",".000",".000",".000",".000",".000",".000","","0.0","0.0","0.0","0.0","0.0","0.0","0","0","0","0","0","0","24","3895"
"Enny Romero","Rays","23","0","0","0","0","0","0.0 %","0.0 %",".000",".000",".000",".000",".000",".000","","0.0","0.0","0.0","0.0","0.0","0.0","0","0","0","0","0","0","24","4001"
"Marcus Hatley","Cardinals","2","0","0","0","0","0","0.0 %","0.0 %",".000",".000",".000",".000",".000",".000","","0.0","0.0","0.0","0.0","0.0","0.0","0","0","0","0","0","0","27","4002"
"Erik Cordier","Marlins","8","1","0","0","0","0","0.0 %","0.0 %",".000",".000",".000",".000",".000",".000","-100","0.0","-0.3","0.1","0.0","-0.3","0.0","0","0","0","0","0","0","29","4086"
"Mitchell Harris","Cardinals","26","1","0","0","0","0","0.0 %","100.0 %",".000",".000",".000",".000",".000",".000","-100","0.0","-0.3","0.1","0.0","-0.3","0.0","0","0","0","0","0","0","29","4530"
"Ryan Kelly","Braves","17","0","0","0","0","0","0.0 %","0.0 %",".000",".000",".000",".000",".000",".000","","0.0","0.0","0.0","0.0","0.0","0.0","0","0","0","0","0","0","27","4858"
"Mike Montgomery","Mariners","16","3","0","0","0","0","0.0 %","66.7 %",".000",".000",".000",".000",".000",".000","-100","0.0","-0.7","0.3","0.0","-0.8","0.0","0","0","0","0","0","0","25","4869"
"Bo Schultz","Blue Jays","31","0","0","0","0","0","0.0 %","0.0 %",".000",".000",".000",".000",".000",".000","","0.0","0.0","0.0","0.0","0.0","0.0","0","0","0","0","0","0","29","5028"
"C.C. Lee","Indians","2","0","0","0","0","0","0.0 %","0.0 %",".000",".000",".000",".000",".000",".000","","0.0","0.0","0.0","0.0","0.0","0.0","0","0","0","0","0","0","28","5177"
"Edgar Ibarra","Angels","2","0","0","0","0","0","0.0 %","0.0 %",".000",".000",".000",".000",".000",".000","","0.0","0.0","0.0","0.0","0.0","0.0","0","0","0","0","0","0","26","5195"
"Jose Alvarez","Angels","64","0","0","0","0","0","0.0 %","0.0 %",".000",".000",".000",".000",".000",".000","","0.0","0.0","0.0","0.0","0.0","0.0","0","0","0","0","0","0","26","5358"
"Manny Banuelos","Braves","7","7","0","0","0","0","0.0 %","14.3 %",".000",".000",".000",".000",".000",".000","-100","0.0","-1.8","0.7","-0.1","-1.8","0.0","0","0","0","0","0","0","24","5365"
"Pedro Baez","Dodgers","52","0","0","0","0","0","0.0 %","0.0 %",".000",".000",".000",".000",".000",".000","","0.0","0.0","0.0","0.0","0.0","0.0","0","0","0","0","0","0","27","5420"
"Arodys Vizcaino","Braves","36","0","0","0","0","0","0.0 %","0.0 %",".000",".000",".000",".000",".000",".000","","0.0","0.0","0.0","0.0","0.0","0.0","0","0","0","0","0","0","24","5498"
"Arnold Leon","Athletics","19","0","0","0","0","0","0.0 %","0.0 %",".000",".000",".000",".000",".000",".000","","0.0","0.0","0.0","0.0","0.0","0.0","0","0","0","0","0","0","26","5595"
"Brooks Brown","Rockies","36","0","0","0","0","0","0.0 %","0.0 %",".000",".000",".000",".000",".000",".000","","0.0","0.0","0.0","0.0","0.0","0.0","0","0","0","0","0","0","30","5679"
"Junior Guerra","White Sox","3","0","0","0","0","0","0.0 %","0.0 %",".000",".000",".000",".000",".000",".000","","0.0","0.0","0.0","0.0","0.0","0.0","0","0","0","0","0","0","30","5702"
"Jose De Paula","Yankees","1","0","0","0","0","0","0.0 %","0.0 %",".000",".000",".000",".000",".000",".000","","0.0","0.0","0.0","0.0","0.0","0.0","0","0","0","0","0","0","25","5744"
"Bruce Rondon","Tigers","35","0","0","0","0","0","0.0 %","0.0 %",".000",".000",".000",".000",".000",".000","","0.0","0.0","0.0","0.0","0.0","0.0","0","0","0","0","0","0","24","5766"
"Jorge Rondon","- - -","10","0","0","0","0","0","0.0 %","0.0 %",".000",".000",".000",".000",".000",".000","","0.0","0.0","0.0","0.0","0.0","0.0","0","0","0","0","0","0","27","5791"
"Joe Wieland","Dodgers","2","2","0","0","0","0","0.0 %","50.0 %",".000",".000",".000",".000",".000",".000","-100","0.0","-0.5","0.2","0.0","-0.5","0.0","0","0","0","0","0","0","25","6109"
"Juan Jaime","Braves","2","0","0","0","0","0","0.0 %","0.0 %",".000",".000",".000",".000",".000",".000","","0.0","0.0","0.0","0.0","0.0","0.0","0","0","0","0","0","0","27","6127"
"Diego Moreno","Yankees","4","0","0","0","0","0","0.0 %","0.0 %",".000",".000",".000",".000",".000",".000","","0.0","0.0","0.0","0.0","0.0","0.0","0","0","0","0","0","0","28","6238"
"Trevor May","Twins","48","3","0","0","0","0","0.0 %","100.0 %",".000",".000",".000",".000",".000",".000","-100","0.0","-0.8","0.3","0.0","-0.8","0.0","0","0","0","0","0","0","25","6398"
"Stolmy Pimentel","Rangers","8","0","0","0","0","0","0.0 %","0.0 %",".000",".000",".000",".000",".000",".000","","0.0","0.0","0.0","0.0","0.0","0.0","0","0","0","0","0","0","25","6415"
"Blaine Hardy","Tigers","70","1","0","0","0","0","0.0 %","0.0 %",".000",".000",".000",".000",".000",".000","-100","0.0","-0.3","0.1","0.0","-0.3","0.0","0","0","0","0","0","0","28","6499"
"Alex Colome","Rays","43","0","0","0","0","0","0.0 %","0.0 %",".000",".000",".000",".000",".000",".000","","0.0","0.0","0.0","0.0","0.0","0.0","0","0","0","0","0","0","26","6661"
"Miguel Socolovich","Cardinals","28","1","0","0","0","0","0.0 %","0.0 %",".000",".000",".000",".000",".000",".000","-100","0.0","-0.3","0.1","0.0","-0.3","0.0","0","0","0","0","0","0","28","6697"
"Cesar Cabral","Orioles","2","0","0","0","0","0","0.0 %","0.0 %",".000",".000",".000",".000",".000",".000","","0.0","0.0","0.0","0.0","0.0","0.0","0","0","0","0","0","0","26","6741"
"Marcos Mateo","Padres","26","0","0","0","0","0","0.0 %","0.0 %",".000",".000",".000",".000",".000",".000","","0.0","0.0","0.0","0.0","0.0","0.0","0","0","0","0","0","0","31","6869"
"Luis Garcia","Phillies","72","0","0","0","0","0","0.0 %","0.0 %",".000",".000",".000",".000",".000",".000","","0.0","0.0","0.0","0.0","0.0","0.0","0","0","0","0","0","0","28","6984"
"Pat Venditte","Athletics","26","1","0","0","0","0","0.0 %","100.0 %",".000",".000",".000",".000",".000",".000","-100","0.0","-0.2","0.1","0.0","-0.3","0.0","0","0","0","0","0","0","30","7108"
"Preston Guilmet","- - -","5","0","0","0","0","0","0.0 %","0.0 %",".000",".000",".000",".000",".000",".000","","0.0","0.0","0.0","0.0","0.0","0.0","0","0","0","0","0","0","27","7303"
"Austin Adams","Indians","28","1","0","0","0","0","0.0 %","0.0 %",".000",".000",".000",".000",".000",".000","-100","0.0","-0.3","0.1","0.0","-0.3","0.0","0","0","0","0","0","0","28","7411"
"Jay Jackson","Padres","6","0","0","0","0","0","0.0 %","0.0 %",".000",".000",".000",".000",".000",".000","","0.0","0.0","0.0","0.0","0.0","0.0","0","0","0","0","0","0","27","7432"
"Tommy Layne","Red Sox","64","0","0","0","0","0","0.0 %","0.0 %",".000",".000",".000",".000",".000",".000","","0.0","0.0","0.0","0.0","0.0","0.0","0","0","0","0","0","0","30","7501"
"Colt Hynes","Blue Jays","5","0","0","0","0","0","0.0 %","0.0 %",".000",".000",".000",".000",".000",".000","","0.0","0.0","0.0","0.0","0.0","0.0","0","0","0","0","0","0","30","7560"
"Neil Ramirez","Cubs","19","0","0","0","0","0","0.0 %","0.0 %",".000",".000",".000",".000",".000",".000","","0.0","0.0","0.0","0.0","0.0","0.0","0","0","0","0","0","0","26","7677"
"Bobby LaFromboise","Pirates","11","0","0","0","0","0","0.0 %","0.0 %",".000",".000",".000",".000",".000",".000","","0.0","0.0","0.0","0.0","0.0","0.0","0","0","0","0","0","0","29","7758"
"Hunter Strickland","Giants","55","1","0","0","0","0","0.0 %","100.0 %",".000",".000",".000",".000",".000",".000","-100","0.0","-0.2","0.1","0.0","-0.3","0.0","0","0","0","0","0","0","26","7836"
"Matt West","Dodgers","2","0","0","0","0","0","0.0 %","0.0 %",".000",".000",".000",".000",".000",".000","","0.0","0.0","0.0","0.0","0.0","0.0","0","0","0","0","0","0","26","7980"
"Jason Gurka","Rockies","10","0","0","0","0","0","0.0 %","0.0 %",".000",".000",".000",".000",".000",".000","","0.0","0.0","0.0","0.0","0.0","0.0","0","0","0","0","0","0","27","8007"
"Nick Greenwood","Cardinals","1","0","0","0","0","0","0.0 %","0.0 %",".000",".000",".000",".000",".000",".000","","0.0","0.0","0.0","0.0","0.0","0.0","0","0","0","0","0","0","27","8182"
"Steven Wright","Red Sox","16","2","0","0","0","0","0.0 %","0.0 %",".000",".000",".000",".000",".000",".000","-100","0.0","-0.5","0.2","0.0","-0.5","0.0","0","0","0","0","0","0","30","8185"
"J.C. Ramirez","- - -","20","0","0","0","0","0","0.0 %","0.0 %",".000",".000",".000",".000",".000",".000","","0.0","0.0","0.0","0.0","0.0","0.0","0","0","0","0","0","0","26","8302"
"Steve Geltz","Rays","70","0","0","0","0","0","0.0 %","0.0 %",".000",".000",".000",".000",".000",".000","","0.0","0.0","0.0","0.0","0.0","0.0","0","0","0","0","0","0","27","8402"
"Deolis Guerra","Pirates","10","1","0","0","0","0","0.0 %","0.0 %",".000",".000",".000",".000",".000",".000","-100","0.0","-0.3","0.1","0.0","-0.3","0.0","0","0","0","0","0","0","26","8410"
"Adam Wilk","Angels","1","0","0","0","0","0","0.0 %","0.0 %",".000",".000",".000",".000",".000",".000","","0.0","0.0","0.0","0.0","0.0","0.0","0","0","0","0","0","0","27","8421"
"Jeff Beliveau","Rays","5","0","0","0","0","0","0.0 %","0.0 %",".000",".000",".000",".000",".000",".000","","0.0","0.0","0.0","0.0","0.0","0.0","0","0","0","0","0","0","28","8504"
"Justin Miller","Rockies","34","3","0","0","0","0","0.0 %","66.7 %",".000",".000",".000",".000",".000",".000","-100","0.0","-0.8","0.3","0.0","-0.8","0.0","0","0","0","0","0","0","28","8580"
"Oliver Drake","Orioles","13","0","0","0","0","0","0.0 %","0.0 %",".000",".000",".000",".000",".000",".000","","0.0","0.0","0.0","0.0","0.0","0.0","0","0","0","0","0","0","28","8823"
"Dustin Coleman","Royals","4","5","0","0","0","0","0.0 %","60.0 %",".000",".000",".000",".000",".000",".000","-100","-0.7","-2.0","0.0","-0.2","-1.3","0.0","0","0","0","0","0","0","28","8979"
"Arquimedes Caminero","Pirates","73","0","0","0","0","0","0.0 %","0.0 %",".000",".000",".000",".000",".000",".000","","0.0","0.0","0.0","0.0","0.0","0.0","0","0","0","0","0","0","28","8992"
"Kirby Yates","Rays","20","0","0","0","0","0","0.0 %","0.0 %",".000",".000",".000",".000",".000",".000","","0.0","0.0","0.0","0.0","0.0","0.0","0","0","0","0","0","0","28","9073"
"Casey Kelly","Padres","3","3","0","0","0","0","0.0 %","0.0 %",".000",".000",".000",".000",".000",".000","-100","0.0","-0.7","0.3","0.0","-0.8","0.0","0","0","0","0","0","0","25","9174"
"Kyle Lobstein","Tigers","13","0","0","0","0","0","0.0 %","0.0 %",".000",".000",".000",".000",".000",".000","","0.0","0.0","0.0","0.0","0.0","0.0","0","0","0","0","0","0","25","9178"
"Simon Castro","Rockies","11","0","0","0","0","0","0.0 %","0.0 %",".000",".000",".000",".000",".000",".000","","0.0","0.0","0.0","0.0","0.0","0.0","0","0","0","0","0","0","27","9243"
"David Carpenter","Braves","4","0","0","0","0","0","0.0 %","0.0 %",".000",".000",".000",".000",".000",".000","","0.0","0.0","0.0","0.0","0.0","0.0","0","0","0","0","0","0","27","9244"
"Keon Broxton","Pirates","7","2","0","3","0","1","0.0 %","50.0 %",".000",".000",".000",".000",".000",".000","-100","-0.2","-0.7","0.0","-0.1","-0.5","-0.2","1","0","0","0","0","0","25","9253"
"Zac Rosscup","Cubs","33","0","0","0","0","0","0.0 %","0.0 %",".000",".000",".000",".000",".000",".000","","0.0","0.0","0.0","0.0","0.0","0.0","0","0","0","0","0","0","27","9419"
"Cody Decker","Padres","8","12","0","0","1","0","0.0 %","41.7 %",".000",".000",".000",".000",".000",".000","-100","-0.3","-3.3","0.6","-0.2","-3.0","0.0","0","0","0","0","0","0","28","9665"
"Steven Baron","Mariners","4","11","0","0","0","0","0.0 %","18.2 %",".000",".000",".000",".000",".000",".000","-100","-0.3","-3.0","0.2","-0.3","-2.8","0.0","0","0","0","0","0","0","24","9787"
"Chaz Roe","Orioles","36","0","0","0","0","0","0.0 %","0.0 %",".000",".000",".000",".000",".000",".000","","0.0","0.0","0.0","0.0","0.0","0.0","0","0","0","0","0","0","28","9866"
"Mike Broadway","Giants","21","0","0","0","0","0","0.0 %","0.0 %",".000",".000",".000",".000",".000",".000","","0.0","0.0","0.0","0.0","0.0","0.0","0","0","0","0","0","0","28","9894"
"Keyvius Sampson","Reds","13","17","0","1","0","0","0.0 %","64.7 %",".000",".000",".000",".000",".000",".000","-100","0.0","-4.3","1.8","-0.2","-4.3","0.0","0","0","0","0","0","0","24","10039"
"Caleb Cotham","Yankees","12","0","0","0","0","0","0.0 %","0.0 %",".000",".000",".000",".000",".000",".000","","0.0","0.0","0.0","0.0","0.0","0.0","0","0","0","0","0","0","27","10075"
"Ryan Weber","Braves","5","10","0","0","0","0","0.0 %","80.0 %",".000",".000",".000",".000",".000",".000","-100","0.0","-2.5","1.0","-0.1","-2.5","0.0","0","0","0","0","0","0","24","10160"
"Jose Ramirez","- - -","8","0","0","0","0","0","0.0 %","0.0 %",".000",".000",".000",".000",".000",".000","","0.0","0.0","0.0","0.0","0.0","0.0","0","0","0","0","0","0","25","10171"
"Edgar Olmos","Mariners","6","0","0","0","0","0","0.0 %","0.0 %",".000",".000",".000",".000",".000",".000","","0.0","0.0","0.0","0.0","0.0","0.0","0","0","0","0","0","0","25","10174"
"Ariel Pena","Brewers","6","7","0","0","0","0","0.0 %","85.7 %",".000",".000",".000",".000",".000",".000","-100","0.0","-1.8","0.7","-0.1","-1.8","0.0","0","0","0","0","0","0","26","10240"
"Rafael Martin","Nationals","13","0","0","0","0","0","0.0 %","0.0 %",".000",".000",".000",".000",".000",".000","","0.0","0.0","0.0","0.0","0.0","0.0","0","0","0","0","0","0","31","10258"
"Ryan Tepera","Blue Jays","32","0","0","0","0","0","0.0 %","0.0 %",".000",".000",".000",".000",".000",".000","","0.0","0.0","0.0","0.0","0.0","0.0","0","0","0","0","0","0","27","10291"
"Roman Mendez","- - -","15","0","0","0","0","0","0.0 %","0.0 %",".000",".000",".000",".000",".000",".000","","0.0","0.0","0.0","0.0","0.0","0.0","0","0","0","0","0","0","24","10307"
"Michael Tonkin","Twins","26","0","0","0","0","0","0.0 %","0.0 %",".000",".000",".000",".000",".000",".000","","0.0","0.0","0.0","0.0","0.0","0.0","0","0","0","0","0","0","25","10315"
"Giovanni Soto","Indians","6","0","0","0","0","0","0.0 %","0.0 %",".000",".000",".000",".000",".000",".000","","0.0","0.0","0.0","0.0","0.0","0.0","0","0","0","0","0","0","24","10330"
"Carlos Contreras","Reds","22","0","0","0","0","0","0.0 %","0.0 %",".000",".000",".000",".000",".000",".000","","0.0","0.0","0.0","0.0","0.0","0.0","0","0","0","0","0","0","24","10386"
"Mychal Givens","Orioles","22","0","0","0","0","0","0.0 %","0.0 %",".000",".000",".000",".000",".000",".000","","0.0","0.0","0.0","0.0","0.0","0.0","0","0","0","0","0","0","25","10430"
"Scott Alexander","Royals","4","0","0","0","0","0","0.0 %","0.0 %",".000",".000",".000",".000",".000",".000","","0.0","0.0","0.0","0.0","0.0","0.0","0","0","0","0","0","0","25","10591"
"Seth Rosin","Phillies","1","0","0","0","0","0","0.0 %","0.0 %",".000",".000",".000",".000",".000",".000","","0.0","0.0","0.0","0.0","0.0","0.0","0","0","0","0","0","0","26","10606"
"Adam Liberatore","Dodgers","39","2","0","0","0","0","0.0 %","100.0 %",".000",".000",".000",".000",".000",".000","-100","0.0","-0.5","0.2","0.0","-0.5","0.0","0","0","0","0","0","0","28","10637"
"Andrew Bellatti","Rays","17","0","0","0","0","0","0.0 %","0.0 %",".000",".000",".000",".000",".000",".000","","0.0","0.0","0.0","0.0","0.0","0.0","0","0","0","0","0","0","23","10657"
"Scott Copeland","Blue Jays","5","1","0","0","0","0","0.0 %","100.0 %",".000",".000",".000",".000",".000",".000","-100","0.0","-0.3","0.1","0.0","-0.3","0.0","0","0","0","0","0","0","27","10706"
"Tyler Cravy","Brewers","14","10","0","0","0","0","0.0 %","30.0 %",".000",".000",".000",".000",".000",".000","-100","0.0","-2.6","1.0","-0.1","-2.5","0.0","0","0","0","0","0","0","25","10770"
"Michael Mariot","Royals","2","0","0","0","0","0","0.0 %","0.0 %",".000",".000",".000",".000",".000",".000","","0.0","0.0","0.0","0.0","0.0","0.0","0","0","0","0","0","0","26","10835"
"Asher Wojciechowski","Astros","5","0","0","0","0","0","0.0 %","0.0 %",".000",".000",".000",".000",".000",".000","","0.0","0.0","0.0","0.0","0.0","0.0","0","0","0","0","0","0","26","10836"
"Chasen Shreve","Yankees","59","0","0","0","0","0","0.0 %","0.0 %",".000",".000",".000",".000",".000",".000","","0.0","0.0","0.0","0.0","0.0","0.0","0","0","0","0","0","0","24","10855"
"Kenneth Roberts","- - -","15","0","0","0","0","0","0.0 %","0.0 %",".000",".000",".000",".000",".000",".000","","0.0","0.0","0.0","0.0","0.0","0.0","0","0","0","0","0","0","27","10938"
"Jake Buchanan","Astros","5","0","0","0","0","0","0.0 %","0.0 %",".000",".000",".000",".000",".000",".000","","0.0","0.0","0.0","0.0","0.0","0.0","0","0","0","0","0","0","25","10962"
"Ryan O'Rourke","Twins","28","0","0","0","0","0","0.0 %","0.0 %",".000",".000",".000",".000",".000",".000","","0.0","0.0","0.0","0.0","0.0","0.0","0","0","0","0","0","0","27","10976"
"Christopher Rearick","Padres","5","0","0","0","0","0","0.0 %","0.0 %",".000",".000",".000",".000",".000",".000","","0.0","0.0","0.0","0.0","0.0","0.0","0","0","0","0","0","0","27","11050"
"Yhonathan Barrios","Brewers","5","0","0","0","0","0","0.0 %","0.0 %",".000",".000",".000",".000",".000",".000","","0.0","0.0","0.0","0.0","0.0","0.0","0","0","0","0","0","0","23","11166"
"Vince Velasquez","Astros","19","0","0","0","0","0","0.0 %","0.0 %",".000",".000",".000",".000",".000",".000","","0.0","0.0","0.0","0.0","0.0","0.0","0","0","0","0","0","0","23","11189"
"C.J. Riefenhauser","Rays","17","0","0","0","0","0","0.0 %","0.0 %",".000",".000",".000",".000",".000",".000","","0.0","0.0","0.0","0.0","0.0","0.0","0","0","0","0","0","0","25","11193"
"Casey Sadler","Pirates","1","2","0","0","0","0","0.0 %","0.0 %",".000",".000",".000",".000",".000",".000","-100","0.0","-0.5","0.2","0.0","-0.5","0.0","0","0","0","0","0","0","24","11209"
"Kevin Chapman","Astros","3","0","0","0","0","0","0.0 %","0.0 %",".000",".000",".000",".000",".000",".000","","0.0","0.0","0.0","0.0","0.0","0.0","0","0","0","0","0","0","27","11240"
"Aaron Barrett","Nationals","40","0","0","0","0","0","0.0 %","0.0 %",".000",".000",".000",".000",".000",".000","","0.0","0.0","0.0","0.0","0.0","0.0","0","0","0","0","0","0","27","11243"
"Rob Rasmussen","- - -","20","0","0","0","0","0","0.0 %","0.0 %",".000",".000",".000",".000",".000",".000","","0.0","0.0","0.0","0.0","0.0","0.0","0","0","0","0","0","0","26","11250"
"Sean Nolin","Athletics","6","0","0","0","0","0","0.0 %","0.0 %",".000",".000",".000",".000",".000",".000","","0.0","0.0","0.0","0.0","0.0","0.0","0","0","0","0","0","0","25","11341"
"A.J. Achter","Twins","11","0","0","0","0","0","0.0 %","0.0 %",".000",".000",".000",".000",".000",".000","","0.0","0.0","0.0","0.0","0.0","0.0","0","0","0","0","0","0","26","11387"
"Daniel Burawa","- - -","13","0","0","0","0","0","0.0 %","0.0 %",".000",".000",".000",".000",".000",".000","","0.0","0.0","0.0","0.0","0.0","0.0","0","0","0","0","0","0","26","11397"
"Kyle Waldrop","Reds","1","1","0","0","0","0","0.0 %","100.0 %",".000",".000",".000",".000",".000",".000","-100","0.0","-0.3","0.0","0.0","-0.3","0.0","0","0","0","0","0","0","23","11402"
"Anthony Ranaudo","Rangers","4","2","0","0","0","0","0.0 %","100.0 %",".000",".000",".000",".000",".000",".000","-100","0.0","-0.5","0.2","0.0","-0.5","0.0","0","0","0","0","0","0","25","11424"
"A.J. Schugel","Diamondbacks","5","0","0","0","0","0","0.0 %","0.0 %",".000",".000",".000",".000",".000",".000","","0.0","0.0","0.0","0.0","0.0","0.0","0","0","0","0","0","0","26","11432"
"Gary Sanchez","Yankees","2","2","0","0","0","0","0.0 %","50.0 %",".000",".000",".000",".000",".000",".000","-100","0.0","-0.5","0.0","0.0","-0.5","0.0","0","0","0","0","0","0","22","11442"
"Matt Grace","Nationals","26","0","0","0","0","0","0.0 %","0.0 %",".000",".000",".000",".000",".000",".000","","0.0","0.0","0.0","0.0","0.0","0.0","0","0","0","0","0","0","26","11449"
"A.J. Cole","Nationals","3","2","0","0","0","0","0.0 %","0.0 %",".000",".000",".000",".000",".000",".000","-100","0.0","-0.5","0.2","0.0","-0.5","0.0","0","0","0","0","0","0","23","11467"
"Zach Lee","Dodgers","1","2","0","0","0","0","0.0 %","0.0 %",".000",".000",".000",".000",".000",".000","-100","0.0","-0.5","0.2","0.0","-0.5","0.0","0","0","0","0","0","0","23","11468"
"Bryan Mitchell","Yankees","20","1","0","0","0","0","0.0 %","100.0 %",".000",".000",".000",".000",".000",".000","-100","0.0","-0.3","0.1","0.0","-0.3","0.0","0","0","0","0","0","0","24","11479"
"Aaron Sanchez","Blue Jays","41","0","0","0","0","0","0.0 %","0.0 %",".000",".000",".000",".000",".000",".000","","0.0","0.0","0.0","0.0","0.0","0.0","0","0","0","0","0","0","22","11490"
"Jeff Ferrell","Tigers","9","0","0","0","0","0","0.0 %","0.0 %",".000",".000",".000",".000",".000",".000","","0.0","0.0","0.0","0.0","0.0","0.0","0","0","0","0","0","0","24","11506"
"Brandon Cunniff","Braves","39","0","0","0","0","0","0.0 %","0.0 %",".000",".000",".000",".000",".000",".000","","0.0","0.0","0.0","0.0","0.0","0.0","0","0","0","0","0","0","26","11509"
"Josh Osich","Giants","35","3","0","0","0","0","0.0 %","33.3 %",".000",".000",".000",".000",".000",".000","-100","0.0","-0.7","0.3","0.0","-0.8","0.0","0","0","0","0","0","0","26","11528"
"Jose Dominguez","Rays","4","0","0","0","0","0","0.0 %","0.0 %",".000",".000",".000",".000",".000",".000","","0.0","0.0","0.0","0.0","0.0","0.0","0","0","0","0","0","0","24","11571"
"Garin Cecchini","Red Sox","2","4","0","0","0","0","0.0 %","75.0 %",".000",".000",".000",".000",".000",".000","-100","0.1","-0.9","0.0","-0.1","-1.0","0.0","0","0","0","0","0","0","24","11608"
"Heath Hembree","Red Sox","22","0","0","0","0","0","0.0 %","0.0 %",".000",".000",".000",".000",".000",".000","","0.0","0.0","0.0","0.0","0.0","0.0","0","0","0","0","0","0","26","11632"
"Toru Murata","Indians","1","0","0","0","0","0","0.0 %","0.0 %",".000",".000",".000",".000",".000",".000","","0.0","0.0","0.0","0.0","0.0","0.0","0","0","0","0","0","0","30","11652"
"Mayckol Guaipe","Mariners","21","0","0","0","0","0","0.0 %","0.0 %",".000",".000",".000",".000",".000",".000","","0.0","0.0","0.0","0.0","0.0","0.0","0","0","0","0","0","0","24","11663"
"Elias Diaz","Pirates","2","2","0","0","0","0","0.0 %","50.0 %",".000",".000",".000",".000",".000",".000","-100","0.0","-0.5","0.0","0.0","-0.5","0.0","0","0","0","0","0","0","24","11680"
"Erik Goeddel","Mets","35","1","0","0","0","0","0.0 %","0.0 %",".000",".000",".000",".000",".000",".000","-100","0.0","-0.2","0.1","0.0","-0.3","0.0","0","0","0","0","0","0","26","11712"
"Luke Jackson","Rangers","7","0","0","0","0","0","0.0 %","0.0 %",".000",".000",".000",".000",".000",".000","","0.0","0.0","0.0","0.0","0.0","0.0","0","0","0","0","0","0","23","11752"
"Kyle Ryan","Tigers","16","0","0","0","0","0","0.0 %","0.0 %",".000",".000",".000",".000",".000",".000","","0.0","0.0","0.0","0.0","0.0","0.0","0","0","0","0","0","0","23","11753"
"Hansel Robles","Mets","57","0","0","0","0","0","0.0 %","0.0 %",".000",".000",".000",".000",".000",".000","","0.0","0.0","0.0","0.0","0.0","0.0","0","0","0","0","0","0","24","11801"
"Hector Neris","Phillies","32","1","0","0","0","0","0.0 %","100.0 %",".000",".000",".000",".000",".000",".000","-100","0.0","-0.3","0.1","0.0","-0.3","0.0","0","0","0","0","0","0","26","11804"
"Chris Martin","Yankees","24","0","0","0","0","0","0.0 %","0.0 %",".000",".000",".000",".000",".000",".000","","0.0","0.0","0.0","0.0","0.0","0.0","0","0","0","0","0","0","29","11847"
"Brett Bochy","Giants","4","0","0","0","0","0","0.0 %","0.0 %",".000",".000",".000",".000",".000",".000","","0.0","0.0","0.0","0.0","0.0","0.0","0","0","0","0","0","0","27","11867"
"Michael Feliz","Astros","5","0","0","0","0","0","0.0 %","0.0 %",".000",".000",".000",".000",".000",".000","","0.0","0.0","0.0","0.0","0.0","0.0","0","0","0","0","0","0","22","11903"
"Orlando Calixte","Royals","2","3","0","1","0","0","0.0 %","0.0 %",".000",".000",".000",".000",".000",".000","-100","0.0","-0.8","0.1","-0.1","-0.8","0.0","0","0","0","0","0","0","23","11905"
"David Rollins","Mariners","20","0","0","0","0","0","0.0 %","0.0 %",".000",".000",".000",".000",".000",".000","","0.0","0.0","0.0","0.0","0.0","0.0","0","0","0","0","0","0","25","11928"
"Matt Andriese","Rays","25","1","0","0","0","0","0.0 %","0.0 %",".000",".000",".000",".000",".000",".000","-100","0.0","-0.3","0.1","0.0","-0.3","0.0","0","0","0","0","0","0","25","12022"
"J.R. Graham","Twins","39","0","0","0","0","0","0.0 %","0.0 %",".000",".000",".000",".000",".000",".000","","0.0","0.0","0.0","0.0","0.0","0.0","0","0","0","0","0","0","25","12042"
"Scott McGough","Marlins","6","0","0","0","0","0","0.0 %","0.0 %",".000",".000",".000",".000",".000",".000","","0.0","0.0","0.0","0.0","0.0","0.0","0","0","0","0","0","0","25","12056"
"Felipe Rivero","Nationals","49","0","0","0","0","0","0.0 %","0.0 %",".000",".000",".000",".000",".000",".000","","0.0","0.0","0.0","0.0","0.0","0.0","0","0","0","0","0","0","23","12076"
"Yimi Garcia","Dodgers","59","0","0","0","0","0","0.0 %","0.0 %",".000",".000",".000",".000",".000",".000","","0.0","0.0","0.0","0.0","0.0","0.0","0","0","0","0","0","0","24","12095"
"Kendry Flores","Marlins","7","1","0","0","0","0","0.0 %","100.0 %",".000",".000",".000",".000",".000",".000","-100","0.0","-0.3","0.1","0.0","-0.3","0.0","0","0","0","0","0","0","23","12118"
"Matt Stites","Diamondbacks","11","0","0","0","0","0","0.0 %","0.0 %",".000",".000",".000",".000",".000",".000","","0.0","0.0","0.0","0.0","0.0","0.0","0","0","0","0","0","0","25","12165"
"David Goforth","Brewers","20","4","0","0","0","0","0.0 %","75.0 %",".000",".000",".000",".000",".000",".000","-100","0.0","-1.0","0.4","-0.1","-1.0","0.0","0","0","0","0","0","0","26","12166"
"Cody Martin","- - -","25","1","0","0","0","0","0.0 %","0.0 %",".000",".000",".000",".000",".000",".000","-100","0.0","-0.3","0.1","0.0","-0.3","0.0","0","0","0","0","0","0","25","12182"
"Akeel Morris","Mets","1","0","0","0","0","0","0.0 %","0.0 %",".000",".000",".000",".000",".000",".000","","0.0","0.0","0.0","0.0","0.0","0.0","0","0","0","0","0","0","22","12185"
"Cody Hall","Giants","7","0","0","0","0","0","0.0 %","0.0 %",".000",".000",".000",".000",".000",".000","","0.0","0.0","0.0","0.0","0.0","0.0","0","0","0","0","0","0","27","12232"
"Daniel Winkler","Braves","2","0","0","0","0","0","0.0 %","0.0 %",".000",".000",".000",".000",".000",".000","","0.0","0.0","0.0","0.0","0.0","0.0","0","0","0","0","0","0","25","12237"
"Matthew Tracy","Yankees","1","0","0","0","0","0","0.0 %","0.0 %",".000",".000",".000",".000",".000",".000","","0.0","0.0","0.0","0.0","0.0","0.0","0","0","0","0","0","0","26","12240"
"Nefi Ogando","Phillies","4","0","0","0","0","0","0.0 %","0.0 %",".000",".000",".000",".000",".000",".000","","0.0","0.0","0.0","0.0","0.0","0.0","0","0","0","0","0","0","26","12253"
"Colton Murray","Phillies","8","0","0","0","0","0","0.0 %","0.0 %",".000",".000",".000",".000",".000",".000","","0.0","0.0","0.0","0.0","0.0","0.0","0","0","0","0","0","0","25","12264"
"Aaron Brooks","- - -","13","2","0","0","0","0","0.0 %","0.0 %",".000",".000",".000",".000",".000",".000","-100","0.0","-0.5","0.2","0.0","-0.5","0.0","0","0","0","0","0","0","25","12272"
"Leonel Campos","Padres","1","0","0","0","0","0","0.0 %","0.0 %",".000",".000",".000",".000",".000",".000","","0.0","0.0","0.0","0.0","0.0","0.0","0","0","0","0","0","0","27","12277"
"Evan Marshall","Diamondbacks","13","0","0","0","0","0","0.0 %","0.0 %",".000",".000",".000",".000",".000",".000","","0.0","0.0","0.0","0.0","0.0","0.0","0","0","0","0","0","0","25","12297"
"Chris Bassitt","Athletics","18","2","0","0","0","0","0.0 %","50.0 %",".000",".000",".000",".000",".000",".000","-100","0.0","-0.5","0.2","0.0","-0.5","0.0","0","0","0","0","0","0","26","12304"
"Spencer Patton","Rangers","27","0","0","0","0","0","0.0 %","0.0 %",".000",".000",".000",".000",".000",".000","","0.0","0.0","0.0","0.0","0.0","0.0","0","0","0","0","0","0","27","12361"
"John Cornely","Braves","1","0","0","0","0","0","0.0 %","0.0 %",".000",".000",".000",".000",".000",".000","","0.0","0.0","0.0","0.0","0.0","0.0","0","0","0","0","0","0","26","12364"
"Nick Tropeano","Angels","8","0","0","0","0","0","0.0 %","0.0 %",".000",".000",".000",".000",".000",".000","","0.0","0.0","0.0","0.0","0.0","0.0","0","0","0","0","0","0","24","12385"
"Drew Rucinski","Angels","4","0","0","0","0","0","0.0 %","0.0 %",".000",".000",".000",".000",".000",".000","","0.0","0.0","0.0","0.0","0.0","0.0","0","0","0","0","0","0","26","12499"
"Taylor Hill","Nationals","6","0","0","0","0","0","0.0 %","0.0 %",".000",".000",".000",".000",".000",".000","","0.0","0.0","0.0","0.0","0.0","0.0","0","0","0","0","0","0","26","12515"
"Cory Mazzoni","Padres","8","0","0","0","0","0","0.0 %","0.0 %",".000",".000",".000",".000",".000",".000","","0.0","0.0","0.0","0.0","0.0","0.0","0","0","0","0","0","0","25","12537"
"John Leathersich","Mets","17","0","0","0","0","0","0.0 %","0.0 %",".000",".000",".000",".000",".000",".000","","0.0","0.0","0.0","0.0","0.0","0.0","0","0","0","0","0","0","24","12562"
"Guido Knudson","Tigers","4","0","0","0","0","0","0.0 %","0.0 %",".000",".000",".000",".000",".000",".000","","0.0","0.0","0.0","0.0","0.0","0.0","0","0","0","0","0","0","25","12669"
"Phil Klein","Rangers","11","0","0","0","0","0","0.0 %","0.0 %",".000",".000",".000",".000",".000",".000","","0.0","0.0","0.0","0.0","0.0","0.0","0","0","0","0","0","0","26","12675"
"Tyler Wilson","Orioles","9","3","0","0","0","0","0.0 %","0.0 %",".000",".000",".000",".000",".000",".000","-100","0.0","-0.8","0.3","0.0","-0.8","0.0","0","0","0","0","0","0","25","12691"
"Adrian Houser","Brewers","2","0","0","0","0","0","0.0 %","0.0 %",".000",".000",".000",".000",".000",".000","","0.0","0.0","0.0","0.0","0.0","0.0","0","0","0","0","0","0","22","12718"
"Rafael Montero","Mets","5","2","0","0","0","0","0.0 %","50.0 %",".000",".000",".000",".000",".000",".000","-100","0.0","-0.5","0.2","0.0","-0.5","0.0","0","0","0","0","0","0","24","12760"
"Jairo Diaz","Rockies","21","0","0","0","0","0","0.0 %","0.0 %",".000",".000",".000",".000",".000",".000","","0.0","0.0","0.0","0.0","0.0","0.0","0","0","0","0","0","0","24","12774"
"Cody Anderson","Indians","15","3","0","0","0","0","0.0 %","100.0 %",".000",".000",".000",".000",".000",".000","-100","0.0","-0.8","0.3","0.0","-0.8","0.0","0","0","0","0","0","0","24","12799"
"Noe Ramirez","Red Sox","17","0","0","0","0","0","0.0 %","0.0 %",".000",".000",".000",".000",".000",".000","","0.0","0.0","0.0","0.0","0.0","0.0","0","0","0","0","0","0","25","12800"
"Chris Reed","Marlins","2","0","0","0","0","0","0.0 %","0.0 %",".000",".000",".000",".000",".000",".000","","0.0","0.0","0.0","0.0","0.0","0.0","0","0","0","0","0","0","25","12801"
"Alex Meyer","Twins","2","0","0","0","0","0","0.0 %","0.0 %",".000",".000",".000",".000",".000",".000","","0.0","0.0","0.0","0.0","0.0","0.0","0","0","0","0","0","0","25","12833"
"Elvis Araujo","Phillies","40","1","0","0","0","0","0.0 %","100.0 %",".000",".000",".000",".000",".000",".000","-100","0.0","-0.3","0.1","0.0","-0.3","0.0","0","0","0","0","0","0","23","12854"
"Shawn Armstrong","Indians","8","0","0","0","0","0","0.0 %","0.0 %",".000",".000",".000",".000",".000",".000","","0.0","0.0","0.0","0.0","0.0","0.0","0","0","0","0","0","0","24","12857"
"Matt Barnes","Red Sox","32","0","0","0","0","0","0.0 %","0.0 %",".000",".000",".000",".000",".000",".000","","0.0","0.0","0.0","0.0","0.0","0.0","0","0","0","0","0","0","25","12863"
"Andrew McKirahan","Braves","27","1","0","0","0","0","0.0 %","100.0 %",".000",".000",".000",".000",".000",".000","-100","0.0","-0.3","0.1","0.0","-0.3","0.0","0","0","0","0","0","0","25","12870"
"Tony Zych","Mariners","13","0","0","0","0","0","0.0 %","0.0 %",".000",".000",".000",".000",".000",".000","","0.0","0.0","0.0","0.0","0.0","0.0","0","0","0","0","0","0","24","12876"
"Alex Claudio","Rangers","18","0","0","0","0","0","0.0 %","0.0 %",".000",".000",".000",".000",".000",".000","","0.0","0.0","0.0","0.0","0.0","0.0","0","0","0","0","0","0","23","12890"
"Logan Verrett","- - -","18","8","0","0","0","0","0.0 %","25.0 %",".000",".000",".000",".000",".000",".000","-100","0.0","-2.0","0.8","-0.1","-2.0","0.0","0","0","0","0","0","0","25","12905"
"Ken Giles","Phillies","69","0","0","0","0","0","0.0 %","0.0 %",".000",".000",".000",".000",".000",".000","","0.0","0.0","0.0","0.0","0.0","0.0","0","0","0","0","0","0","24","12910"
"Abel De Los Santos","Nationals","2","0","0","0","0","0","0.0 %","0.0 %",".000",".000",".000",".000",".000",".000","","0.0","0.0","0.0","0.0","0.0","0.0","0","0","0","0","0","0","22","12962"
"Andrew Faulkner","Rangers","11","0","0","0","0","0","0.0 %","0.0 %",".000",".000",".000",".000",".000",".000","","0.0","0.0","0.0","0.0","0.0","0.0","0","0","0","0","0","0","22","12982"
"Andrew Chafin","Diamondbacks","66","3","0","0","0","0","0.0 %","33.3 %",".000",".000",".000",".000",".000",".000","-100","0.0","-0.8","0.3","0.0","-0.8","0.0","0","0","0","0","0","0","25","12988"
"Henry Owens","Red Sox","11","2","0","0","0","0","0.0 %","100.0 %",".000",".000",".000",".000",".000",".000","-100","0.0","-0.5","0.2","0.0","-0.5","0.0","0","0","0","0","0","0","22","13143"
"Frank Garces","Padres","40","0","0","0","0","0","0.0 %","0.0 %",".000",".000",".000",".000",".000",".000","","0.0","0.0","0.0","0.0","0.0","0.0","0","0","0","0","0","0","25","13144"
"Eduardo Rodriguez","Red Sox","21","3","0","0","0","0","0.0 %","66.7 %",".000",".000",".000",".000",".000",".000","-100","0.0","-0.8","0.3","0.0","-0.8","0.0","0","0","0","0","0","0","22","13164"
"Carson Smith","Mariners","70","0","0","0","0","0","0.0 %","0.0 %",".000",".000",".000",".000",".000",".000","","0.0","0.0","0.0","0.0","0.0","0.0","0","0","0","0","0","0","25","13172"
"Daniel Coulombe","- - -","14","1","0","0","0","0","0.0 %","100.0 %",".000",".000",".000",".000",".000",".000","-100","0.0","-0.2","0.1","0.0","-0.3","0.0","0","0","0","0","0","0","25","13293"
"James Pazos","Yankees","11","0","0","0","0","0","0.0 %","0.0 %",".000",".000",".000",".000",".000",".000","","0.0","0.0","0.0","0.0","0.0","0.0","0","0","0","0","0","0","24","13323"
"Cam Bedrosian","Angels","34","0","0","0","0","0","0.0 %","0.0 %",".000",".000",".000",".000",".000",".000","","0.0","0.0","0.0","0.0","0.0","0.0","0","0","0","0","0","0","23","13360"
"R.J. Alvarez","Athletics","21","0","0","0","0","0","0.0 %","0.0 %",".000",".000",".000",".000",".000",".000","","0.0","0.0","0.0","0.0","0.0","0.0","0","0","0","0","0","0","24","13401"
"Angel Nesbitt","Tigers","24","0","0","0","0","0","0.0 %","0.0 %",".000",".000",".000",".000",".000",".000","","0.0","0.0","0.0","0.0","0.0","0.0","0","0","0","0","0","0","24","13415"
"Chris Beck","White Sox","1","0","0","0","0","0","0.0 %","0.0 %",".000",".000",".000",".000",".000",".000","","0.0","0.0","0.0","0.0","0.0","0.0","0","0","0","0","0","0","24","13418"
"Drew VerHagen","Tigers","20","0","0","0","0","0","0.0 %","0.0 %",".000",".000",".000",".000",".000",".000","","0.0","0.0","0.0","0.0","0.0","0.0","0","0","0","0","0","0","24","13424"
"Samuel Tuivailala","Cardinals","14","0","0","0","0","0","0.0 %","0.0 %",".000",".000",".000",".000",".000",".000","","0.0","0.0","0.0","0.0","0.0","0.0","0","0","0","0","0","0","22","13485"
"Chad Smith","Athletics","2","0","0","0","0","0","0.0 %","0.0 %",".000",".000",".000",".000",".000",".000","","0.0","0.0","0.0","0.0","0.0","0.0","0","0","0","0","0","0","25","13604"
"Carl Edwards Jr.","Cubs","5","1","0","0","0","0","0.0 %","100.0 %",".000",".000",".000",".000",".000",".000","-100","0.0","-0.3","0.1","0.0","-0.3","0.0","0","0","0","0","0","0","23","13607"
"Nick Goody","Yankees","7","0","0","0","0","0","0.0 %","0.0 %",".000",".000",".000",".000",".000",".000","","0.0","0.0","0.0","0.0","0.0","0.0","0","0","0","0","0","0","23","13685"
"Kyle Barraclough","Marlins","25","0","0","0","0","0","0.0 %","0.0 %",".000",".000",".000",".000",".000",".000","","0.0","0.0","0.0","0.0","0.0","0.0","0","0","0","0","0","0","25","13713"
"Tyler Duffey","Twins","10","0","0","0","0","0","0.0 %","0.0 %",".000",".000",".000",".000",".000",".000","","0.0","0.0","0.0","0.0","0.0","0.0","0","0","0","0","0","0","24","13758"
"Roberto Osuna","Blue Jays","68","0","0","0","0","0","0.0 %","0.0 %",".000",".000",".000",".000",".000",".000","","0.0","0.0","0.0","0.0","0.0","0.0","0","0","0","0","0","0","20","13764"
"Tyler Wagner","Brewers","3","3","0","0","0","0","0.0 %","66.7 %",".000",".000",".000",".000",".000",".000","-100","0.0","-0.8","0.3","0.0","-0.8","0.0","0","0","0","0","0","0","24","13796"
"Scott Oberg","Rockies","64","0","0","0","0","0","0.0 %","0.0 %",".000",".000",".000",".000",".000",".000","","0.0","0.0","0.0","0.0","0.0","0.0","0","0","0","0","0","0","25","13911"
"Ryan Dull","Athletics","13","0","0","0","0","0","0.0 %","0.0 %",".000",".000",".000",".000",".000",".000","","0.0","0.0","0.0","0.0","0.0","0.0","0","0","0","0","0","0","25","13974"
"Raudel Lazo","Marlins","7","0","0","0","0","0","0.0 %","0.0 %",".000",".000",".000",".000",".000",".000","","0.0","0.0","0.0","0.0","0.0","0.0","0","0","0","0","0","0","26","14077"
"Lance McCullers","Astros","22","2","0","0","0","0","0.0 %","50.0 %",".000",".000",".000",".000",".000",".000","-100","0.0","-0.5","0.2","0.0","-0.5","0.0","0","0","0","0","0","0","21","14120"
"Miguel Almonte","Royals","9","0","0","0","0","0","0.0 %","0.0 %",".000",".000",".000",".000",".000",".000","","0.0","0.0","0.0","0.0","0.0","0.0","0","0","0","0","0","0","22","14139"
"Dario Alvarez","Mets","6","0","0","0","0","0","0.0 %","0.0 %",".000",".000",".000",".000",".000",".000","","0.0","0.0","0.0","0.0","0.0","0.0","0","0","0","0","0","0","26","14239"
"Brian Johnson","Red Sox","1","0","0","0","0","0","0.0 %","0.0 %",".000",".000",".000",".000",".000",".000","","0.0","0.0","0.0","0.0","0.0","0.0","0","0","0","0","0","0","24","14272"
"Francelis Montas","White Sox","7","0","0","0","0","0","0.0 %","0.0 %",".000",".000",".000",".000",".000",".000","","0.0","0.0","0.0","0.0","0.0","0.0","0","0","0","0","0","0","22","14309"
"Kyuji Fujikawa","Rangers","2","0","0","0","0","0","0.0 %","0.0 %",".000",".000",".000",".000",".000",".000","","0.0","0.0","0.0","0.0","0.0","0.0","0","0","0","0","0","0","34","14443"
"Jose Valdez","Tigers","7","0","0","0","0","0","0.0 %","0.0 %",".000",".000",".000",".000",".000",".000","","0.0","0.0","0.0","0.0","0.0","0.0","0","0","0","0","0","0","25","14470"
"Jorge Lopez","Brewers","2","3","0","0","0","0","0.0 %","66.7 %",".000",".000",".000",".000",".000",".000","-100","0.0","-0.8","0.3","0.0","-0.8","0.0","0","0","0","0","0","0","22","14527"
"Chi Chi Gonzalez","Rangers","14","0","0","0","0","0","0.0 %","0.0 %",".000",".000",".000",".000",".000",".000","","0.0","0.0","0.0","0.0","0.0","0.0","0","0","0","0","0","0","23","14663"
"Keone Kela","Rangers","68","0","0","0","0","0","0.0 %","0.0 %",".000",".000",".000",".000",".000",".000","","0.0","0.0","0.0","0.0","0.0","0.0","0","0","0","0","0","0","22","14696"
"Jonathan Aro","Red Sox","6","0","0","0","0","0","0.0 %","0.0 %",".000",".000",".000",".000",".000",".000","","0.0","0.0","0.0","0.0","0.0","0.0","0","0","0","0","0","0","24","14699"
"Tyler Olson","Mariners","11","0","0","0","0","0","0.0 %","0.0 %",".000",".000",".000",".000",".000",".000","","0.0","0.0","0.0","0.0","0.0","0.0","0","0","0","0","0","0","25","14741"
"Nick Rumbelow","Yankees","17","0","0","0","0","0","0.0 %","0.0 %",".000",".000",".000",".000",".000",".000","","0.0","0.0","0.0","0.0","0.0","0.0","0","0","0","0","0","0","23","14867"
"Corey Knebel","Brewers","48","0","0","0","0","0","0.0 %","0.0 %",".000",".000",".000",".000",".000",".000","","0.0","0.0","0.0","0.0","0.0","0.0","0","0","0","0","0","0","23","15010"
"Kyle Crockett","Indians","31","0","0","0","0","0","0.0 %","0.0 %",".000",".000",".000",".000",".000",".000","","0.0","0.0","0.0","0.0","0.0","0.0","0","0","0","0","0","0","23","15033"
"Trevor Gott","Angels","48","0","0","0","0","0","0.0 %","0.0 %",".000",".000",".000",".000",".000",".000","","0.0","0.0","0.0","0.0","0.0","0.0","0","0","0","0","0","0","22","15046"
"Silvino Bracho","Diamondbacks","13","0","0","0","0","0","0.0 %","0.0 %",".000",".000",".000",".000",".000",".000","","0.0","0.0","0.0","0.0","0.0","0.0","0","0","0","0","0","0","22","15051"
"Matt Marksberry","Braves","31","0","0","0","0","0","0.0 %","0.0 %",".000",".000",".000",".000",".000",".000","","0.0","0.0","0.0","0.0","0.0","0.0","0","0","0","0","0","0","24","15089"
"Andrew Heaney","Angels","18","6","0","0","0","0","0.0 %","50.0 %",".000",".000",".000",".000",".000",".000","-100","0.0","-1.5","0.6","-0.1","-1.5","0.0","0","0","0","0","0","0","24","15423"
"Matt Boyd","- - -","13","0","0","0","0","0","0.0 %","0.0 %",".000",".000",".000",".000",".000",".000","","0.0","0.0","0.0","0.0","0.0","0.0","0","0","0","0","0","0","24","15440"
"Marco Gonzales","Cardinals","1","0","0","0","0","0","0.0 %","0.0 %",".000",".000",".000",".000",".000",".000","","0.0","0.0","0.0","0.0","0.0","0.0","0","0","0","0","0","0","23","15467"
"Kendall Graveman","Athletics","21","0","0","0","0","0","0.0 %","0.0 %",".000",".000",".000",".000",".000",".000","","0.0","0.0","0.0","0.0","0.0","0.0","0","0","0","0","0","0","24","15514"
"Dalier Hinojosa","- - -","19","0","0","0","0","0","0.0 %","0.0 %",".000",".000",".000",".000",".000",".000","","0.0","0.0","0.0","0.0","0.0","0.0","0","0","0","0","0","0","29","15671"
"Miguel Castro","- - -","18","0","0","0","0","0","0.0 %","0.0 %",".000",".000",".000",".000",".000",".000","","0.0","0.0","0.0","0.0","0.0","0.0","0","0","0","0","0","0","20","15684"
"Luis Severino","Yankees","11","2","0","0","0","0","0.0 %","0.0 %",".000",".000",".000",".000",".000",".000","-100","0.0","-0.5","0.2","0.0","-0.5","0.0","0","0","0","0","0","0","21","15890"
"Carlos Rodon","White Sox","26","3","0","0","0","0","0.0 %","33.3 %",".000",".000",".000",".000",".000",".000","-100","0.0","-0.8","0.3","0.0","-0.8","0.0","0","0","0","0","0","0","22","16137"
"Brandon Finnegan","- - -","20","6","0","0","0","0","0.0 %","33.3 %",".000",".000",".000",".000",".000",".000","-100","0.0","-1.5","0.6","-0.1","-1.5","0.0","0","0","0","0","0","0","22","16208"
"Jacob Lindgren","Yankees","7","0","0","0","0","0","0.0 %","0.0 %",".000",".000",".000",".000",".000",".000","","0.0","0.0","0.0","0.0","0.0","0.0","0","0","0","0","0","0","22","16215"
"Brian Ellington","Marlins","23","0","0","0","0","0","0.0 %","0.0 %",".000",".000",".000",".000",".000",".000","","0.0","0.0","0.0","0.0","0.0","0.0","0","0","0","0","0","0","24","17233"
