"Name","Team","G","PA","HR","R","RBI","SB","BB%","K%","ISO","BABIP","AVG","OBP","SLG","wOBA","wRC+","BsR","Off","Def","WAR","1B","2B","3B","BB","Age","CS","UBR","wSB","GDP","wGDP","Pos","Lg","Rep","wRAA","Fld","playerid"
"Bryce Harper","Nationals","153","654","42","118","99","6","19.0 %","20.0 %",".319",".369",".330",".460",".649",".461","197","3.2","77.6","-8.5","9.5","91","38","1","124","22","4","3.1","-0.8","15","0.9","-6.1","1.3","19.1","77.3","-2.4","11579"
"Joey Votto","Reds","158","695","29","95","80","11","20.6 %","19.4 %",".228",".371",".314",".459",".541",".427","173","-1.2","58.2","-9.3","7.5","107","33","2","143","31","3","-2.7","0.6","11","0.9","-11.8","1.4","20.3","63.1","2.6","4314"
"Paul Goldschmidt","Diamondbacks","159","695","33","103","110","21","17.0 %","21.7 %",".249",".382",".321",".435",".570",".418","164","3.1","54.6","-6.9","7.4","109","38","2","118","27","5","1.7","1.8","16","-0.4","-12.1","1.4","20.3","57.9","5.1","9218"
"Mike Trout","Angels","159","682","41","104","90","11","13.5 %","23.2 %",".290",".344",".299",".402",".590",".415","172","3.3","59.9","2.1","8.9","93","32","6","92","23","7","2.8","-0.9","11","1.4","1.9","2.4","19.9","55.4","0.2","10155"
"Miguel Cabrera","Tigers","119","511","18","64","76","1","15.1 %","16.0 %",".196",".384",".338",".440",".534",".413","166","-5.1","33.7","-9.2","4.4","98","28","1","77","32","1","-3.1","-0.5","19","-1.5","-9.2","1.8","14.9","40.9","-0.1","1744"
"Josh Donaldson","Blue Jays","158","711","41","122","123","6","10.3 %","18.7 %",".271",".314",".297",".371",".568",".398","154","4.0","48.4","10.7","8.7","100","41","2","73","29","0","3.6","0.8","16","-0.4","1.5","2.5","20.8","48.0","9.2","5038"
"Nelson Cruz","Mariners","152","655","44","90","93","3","9.0 %","25.0 %",".264",".350",".302",".369",".566",".396","158","-2.5","41.3","-17.6","4.8","111","22","1","59","34","2","-3.6","-0.5","6","1.6","-11.4","2.3","19.1","43.3","-6.2","2434"
"Edwin Encarnacion","Blue Jays","146","624","39","94","111","3","12.3 %","15.7 %",".280",".267",".277",".372",".557",".392","150","-2.2","33.7","-11.7","4.5","76","31","0","77","32","2","-2.1","-0.5","14","0.4","-13.3","2.2","18.2","39.0","1.6","2151"
"Chris Davis","Orioles","160","670","47","100","117","2","12.5 %","31.0 %",".300",".319",".262",".361",".562",".390","148","-0.5","36.4","-5.5","5.6","72","31","0","84","29","3","-1.5","-1.1","6","2.1","-11.8","2.3","19.6","40.9","6.3","9272"
"Jose Bautista","Blue Jays","153","666","40","108","114","8","16.5 %","15.9 %",".285",".237",".250",".377",".536",".389","148","2.3","39.0","-18.9","4.5","64","29","3","110","34","2","2.3","0.5","19","-0.5","-8.9","2.3","19.5","40.1","-9.9","1887"
"Anthony Rizzo","Cubs","160","701","31","94","101","17","11.1 %","15.0 %",".234",".289",".278",".387",".512",".384","145","1.9","38.9","-8.9","5.5","91","38","3","78","25","6","-0.6","0.7","9","1.8","-12.3","1.4","20.5","39.6","3.4","3473"
"Andrew McCutchen","Pirates","157","685","23","91","96","11","14.3 %","19.4 %",".196",".339",".292",".401",".488",".380","146","-1.1","35.7","-2.5","5.8","103","36","3","98","28","5","-1.5","-0.2","9","0.6","2.0","1.3","20.0","36.7","-4.5","9847"
"David Peralta","Diamondbacks","149","517","17","61","78","9","8.5 %","20.7 %",".210",".368",".312",".371",".522",".380","138","3.7","26.4","-7.7","3.7","91","26","10","44","27","4","2.8","0.0","7","0.9","-5.3","1.0","15.1","27.5","-2.4","2136"
"David Ortiz","Red Sox","146","614","37","73","108","0","12.5 %","15.5 %",".280",".264",".273",".360",".553",".379","137","-5.1","21.5","-15.2","2.8","70","37","0","77","39","1","-4.0","-0.6","16","-0.5","-15.0","2.2","17.9","32.1","-0.2","745"
"Matt Carpenter","Cardinals","154","665","28","101","84","4","12.2 %","22.7 %",".233",".321",".272",".365",".505",".372","139","1.5","31.6","-3.5","5.2","81","44","3","81","29","3","0.1","-0.7","5","2.1","2.1","1.3","19.4","31.4","-5.7","8090"
"J.D. Martinez","Tigers","158","657","38","93","102","3","8.1 %","27.1 %",".253",".339",".282",".344",".535",".372","137","-2.2","26.3","-0.1","5.1","95","33","2","53","27","2","-2.5","-0.5","11","0.8","-7.8","2.3","19.2","31.0","7.7","6184"
"Nolan Arenado","Rockies","157","665","42","97","130","2","5.1 %","16.5 %",".287",".284",".287",".323",".575",".371","119","-0.9","13.8","7.6","4.5","88","43","4","34","24","5","1.8","-1.8","17","-0.9","2.3","1.3","19.4","30.8","5.3","9777"
"A.J. Pollock","Diamondbacks","157","673","20","111","76","39","7.9 %","13.2 %",".182",".338",".315",".367",".498",".371","132","7.0","31.7","8.7","6.5","127","39","6","53","27","7","4.2","4.7","19","-1.9","2.2","1.3","19.7","31.0","6.5","9256"
"Kris Bryant","Cubs","151","650","26","87","99","13","11.8 %","30.6 %",".213",".378",".275",".369",".488",".371","136","7.1","34.6","7.1","6.6","92","31","5","77","23","4","3.5","0.7","7","2.9","1.5","1.3","19.0","29.9","5.6","15429"
"Manny Machado","Orioles","162","713","35","102","86","20","9.8 %","15.6 %",".216",".297",".286",".359",".502",".370","134","1.1","29.2","11.2","6.8","115","30","1","70","22","8","3.0","0.5","17","-2.4","2.6","2.5","20.8","32.4","8.6","11493"
"Michael Brantley","Indians","137","596","15","68","84","15","10.1 %","8.6 %",".170",".318",".310",".379",".480",".368","133","1.4","24.3","-9.1","3.7","104","45","0","60","28","1","-0.9","2.3","14","0.0","-5.9","2.1","17.4","26.0","-3.3","4106"
"Yoenis Cespedes","- - -","159","676","35","101","105","7","4.9 %","20.9 %",".251",".323",".291",".328",".542",".367","136","3.4","31.3","10.6","6.8","101","42","6","33","29","5","3.8","-0.8","14","0.4","-5.0","2.0","19.8","29.2","15.6","13110"
"Ryan Braun","Brewers","140","568","25","87","84","24","9.5 %","20.2 %",".213",".322",".285",".356",".498",".366","129","2.0","21.4","-12.2","2.9","89","27","3","54","31","4","1.3","3.0","20","-2.3","-6.2","1.1","16.6","23.9","-6.0","3410"
"Shin-Soo Choo","Rangers","149","653","22","94","82","4","11.6 %","22.5 %",".187",".335",".276",".375",".463",".365","129","1.8","23.5","-10.5","3.6","96","32","3","76","32","2","0.7","-0.3","7","1.4","-6.6","2.3","19.1","27.0","-3.9","3174"
"Kendrys Morales","Royals","158","639","22","81","106","0","9.1 %","16.1 %",".195",".319",".290",".362",".485",".364","129","-8.2","13.6","-16.2","1.9","100","41","2","58","32","0","-5.1","-0.3","24","-2.8","-15.9","2.2","18.7","25.9","-0.4","8610"
"Carlos Gonzalez","Rockies","153","608","40","87","97","2","7.6 %","21.9 %",".269",".284",".271",".325",".540",".364","114","1.3","11.0","-8.1","2.3","83","25","2","46","29","0","1.2","0.2","11","-0.1","-6.3","1.2","17.8","24.5","-1.7","7287"
"Buster Posey","Giants","150","623","19","74","95","2","9.0 %","8.3 %",".153",".320",".318",".379",".470",".363","136","-1.8","24.5","8.2","5.5","130","28","0","56","28","0","-0.6","0.0","17","-1.2","4.6","1.2","18.2","24.9","3.6","9166"
"Jose Abreu","White Sox","154","668","30","88","101","0","5.8 %","21.0 %",".212",".333",".290",".347",".502",".361","129","-1.0","21.5","-14.8","3.0","111","34","3","39","28","0","-0.5","-0.3","16","-0.2","-12.9","2.3","19.5","25.6","-1.8","15676"
"Alex Rodriguez","Yankees","151","620","33","83","86","4","13.5 %","23.4 %",".235",".278",".250",".356",".486",".361","129","-0.6","20.5","-15.2","2.7","75","22","1","84","39","0","-1.0","0.5","17","-0.1","-14.7","2.2","18.1","23.7","-0.4","1274"
"Prince Fielder","Rangers","158","693","23","78","98","0","9.2 %","12.7 %",".158",".323",".305",".378",".463",".360","126","-6.6","14.0","-20.0","1.8","136","28","0","64","31","0","-5.2","-0.4","21","-1.0","-16.3","2.4","20.3","26.1","-3.7","4613"
"Lorenzo Cain","Royals","140","604","16","101","72","28","6.1 %","16.2 %",".171",".347",".307",".361",".477",".360","127","6.2","25.1","15.7","6.4","113","34","6","37","29","6","3.4","2.9","16","-0.1","1.6","2.1","17.7","22.7","14.1","9077"
"Brandon Belt","Giants","137","556","18","73","68","9","10.1 %","26.4 %",".197",".363",".280",".356",".478",".359","133","1.5","23.0","-1.2","4.2","82","33","5","56","27","3","-1.5","0.3","3","2.7","-9.5","1.1","16.3","20.3","8.3","10264"
"Lucas Duda","Mets","135","554","27","67","73","0","11.9 %","24.9 %",".242",".285",".244",".352",".486",".359","133","0.1","21.2","-10.0","3.0","55","33","0","66","29","2","0.4","-1.0","12","0.7","-9.7","1.1","16.2","20.2","-0.3","2502"
"Curtis Granderson","Mets","157","682","26","98","70","11","13.3 %","22.1 %",".198",".305",".259",".364",".457",".357","131","2.5","27.3","-0.7","5.1","89","33","2","91","34","6","1.0","-0.5","3","2.0","-6.6","1.3","19.9","23.7","5.9","4747"
"Jason Kipnis","Indians","141","641","9","86","52","12","8.9 %","16.7 %",".149",".356",".303",".372",".451",".355","124","3.4","21.5","4.5","5.0","112","43","7","57","28","8","2.5","-1.1","5","2.0","0.1","2.2","18.7","21.3","4.3","9776"
"Eric Hosmer","Royals","158","667","18","98","93","7","9.1 %","16.2 %",".162",".336",".297",".363",".459",".355","123","3.1","20.9","-11.0","3.4","122","33","5","61","25","3","3.3","-0.1","16","-0.1","-11.7","2.3","19.5","22.0","0.8","3516"
"Adrian Gonzalez","Dodgers","156","643","28","76","90","0","9.6 %","16.6 %",".205",".294",".275",".350",".480",".354","130","-5.6","16.7","-7.5","3.1","96","33","0","62","33","1","-3.2","-0.7","21","-1.7","-11.1","1.3","18.8","21.1","3.6","1908"
"Mike Moustakas","Royals","147","614","22","73","82","1","7.0 %","12.4 %",".186",".294",".284",".348",".470",".353","122","-5.4","10.4","3.7","3.6","99","34","1","43","26","2","-4.6","-0.9","14","0.1","2.2","2.2","17.9","19.6","1.5","4892"
"Mookie Betts","Red Sox","145","654","18","92","77","21","7.0 %","12.5 %",".188",".310",".291",".341",".479",".351","119","8.3","22.5","1.3","4.8","106","42","8","46","22","6","3.9","1.5","2","2.9","1.4","2.3","19.1","20.0","0.0","13611"
"Adam Lind","Brewers","149","572","20","72","87","0","11.5 %","17.5 %",".183",".309",".277",".360",".460",".351","119","-3.1","9.6","-6.3","2.2","87","32","0","66","31","0","-4.0","-0.3","7","1.2","-10.1","1.1","16.7","17.0","3.8","8027"
"Logan Forsythe","Rays","153","615","17","69","68","9","8.9 %","18.0 %",".163",".323",".281",".359",".444",".350","125","-1.7","16.2","1.8","4.0","100","33","2","55","28","4","-2.3","-0.1","12","0.7","0.0","2.2","18.0","17.9","1.8","7185"
"Ben Zobrist","- - -","126","535","13","76","56","3","11.6 %","10.5 %",".173",".288",".276",".359",".450",".349","123","-0.9","13.1","-11.5","2.0","77","36","3","62","34","4","-0.7","-1.2","8","1.0","-1.6","1.9","15.6","15.5","-10.0","7435"
"Yunel Escobar","Nationals","139","591","9","75","56","2","7.6 %","11.8 %",".101",".347",".314",".375",".415",".348","120","-6.3","7.4","-6.1","2.1","133","25","1","45","32","2","-3.2","-0.7","24","-2.4","1.6","1.2","17.3","16.5","-7.7","4191"
"Mitch Moreland","Rangers","132","515","23","51","85","1","6.2 %","21.7 %",".204",".317",".278",".330",".482",".348","117","-0.7","9.3","-4.9","2.3","81","27","0","32","29","0","-1.9","0.0","9","1.2","-9.2","1.8","15.1","14.2","4.2","3086"
"Jose Altuve","Astros","154","689","15","86","66","38","4.8 %","9.7 %",".146",".329",".313",".353",".459",".347","123","-3.7","14.8","5.4","4.5","141","40","4","33","25","13","-3.6","2.2","17","-2.3","2.2","2.4","20.1","18.7","3.2","5417"
"Carlos Beltran","Yankees","133","531","19","57","67","0","8.5 %","16.0 %",".195",".297",".276",".337",".471",".346","119","-0.4","11.5","-10.4","2.0","78","34","1","45","38","0","-0.5","-0.2","12","0.3","-5.8","1.9","15.5","14.1","-4.5","589"
"Adam Eaton","White Sox","153","689","14","98","56","18","8.4 %","19.0 %",".144",".345",".287",".361",".431",".346","119","5.5","20.5","-8.8","3.6","124","28","9","58","26","8","3.8","0.1","5","1.6","1.4","2.4","20.1","18.2","-10.2","11205"
"Jason Heyward","Cardinals","154","610","13","79","60","23","9.2 %","14.8 %",".146",".329",".293",".359",".439",".346","120","7.0","21.6","16.4","6.0","110","33","4","56","25","3","3.1","3.1","13","0.8","-6.2","1.2","17.8","15.8","22.6","4940"
"Charlie Blackmon","Rockies","157","682","17","93","58","43","6.7 %","16.4 %",".163",".325",".287",".347",".450",".345","101","3.2","3.9","-5.7","2.1","119","31","9","46","28","13","-1.4","3.2","4","1.4","1.6","1.3","19.9","17.3","-7.3","7859"
"Christian Yelich","Marlins","126","525","7","63","44","16","9.0 %","19.2 %",".116",".370",".300",".366",".416",".343","118","1.9","13.1","-7.3","2.4","104","30","2","47","23","5","1.9","0.9","13","-0.9","-3.6","1.0","15.3","12.4","-3.7","11477"
"Todd Frazier","Reds","157","678","35","82","89","13","6.5 %","20.2 %",".242",".271",".255",".309",".498",".342","115","-0.6","11.5","9.6","4.5","79","43","1","44","29","8","0.4","-0.8","19","-0.2","2.4","1.3","19.8","15.7","7.2","785"
"Francisco Cervelli","Pirates","130","510","7","56","43","1","9.0 %","18.4 %",".106",".359",".295",".370",".401",".341","119","-0.7","10.5","9.3","3.8","104","17","5","46","29","1","0.0","-0.5","12","-0.2","9.3","1.0","14.9","11.2","0.0","5275"
"Russell Martin","Blue Jays","129","507","23","76","77","4","10.5 %","20.9 %",".218",".262",".240",".329",".458",".340","114","-4.6","3.8","12.2","3.5","58","23","2","53","32","5","-0.3","-1.4","22","-2.9","8.0","1.8","14.8","10.9","4.2","4616"
"Justin Upton","Padres","150","620","26","85","81","19","11.0 %","25.6 %",".203",".304",".251",".336",".454",".340","119","4.6","18.1","-4.6","3.5","81","26","3","68","27","5","2.2","1.5","10","0.9","-6.6","1.2","18.1","13.2","2.0","5222"
"Josh Reddick","Athletics","149","582","20","67","77","10","8.4 %","11.2 %",".177",".278",".272",".333",".449",".338","118","5.1","17.2","-8.0","3.0","94","25","4","49","28","2","2.7","0.9","7","1.5","-6.3","2.0","17.0","11.7","-1.7","3892"
"Xander Bogaerts","Red Sox","156","654","7","84","81","10","4.9 %","15.4 %",".101",".372",".320",".355",".421",".338","109","3.7","10.7","8.0","4.3","151","35","3","32","22","2","3.5","0.9","16","-0.7","7.0","2.3","19.1","12.9","1.0","12161"
"Chris Coghlan","Cubs","148","503","16","64","41","11","11.5 %","18.7 %",".193",".284",".250",".341",".443",".337","114","3.2","11.1","4.2","3.3","63","25","6","58","30","2","1.5","1.2","8","0.5","-4.6","1.0","14.7","9.7","8.8","6878"
"Starling Marte","Pirates","153","633","19","84","81","30","4.3 %","19.4 %",".157",".333",".287",".337",".444",".337","117","-1.2","11.0","2.8","3.6","115","30","2","27","26","10","-2.9","1.8","14","-0.1","-5.9","1.2","18.5","12.2","8.8","9241"
"Adrian Beltre","Rangers","143","619","18","83","83","1","6.6 %","10.5 %",".166",".295",".287",".334",".453",".337","110","3.9","10.7","13.8","4.8","109","32","4","41","36","0","5.2","-0.1","18","-1.2","2.0","2.2","18.1","11.8","11.8","639"
"Dee Gordon","Marlins","145","653","4","88","46","58","3.8 %","13.9 %",".085",".383",".333",".359",".418",".337","114","4.9","15.7","8.6","4.7","169","24","8","25","27","20","0.8","3.4","6","0.7","2.2","1.3","19.1","12.3","6.4","8203"
"Stephen Vogt","Athletics","136","511","18","58","71","0","11.0 %","19.0 %",".182",".290",".261",".341",".443",".335","116","-4.4","4.9","0.4","2.3","74","21","3","56","30","2","-3.9","-1.0","9","0.5","4.5","1.8","14.9","9.0","-4.1","5000"
"Robinson Cano","Mariners","156","674","21","82","79","2","6.4 %","15.9 %",".159",".316",".287",".334",".446",".335","116","-8.5","3.9","-6.3","2.1","123","34","1","43","32","6","-3.6","-2.3","26","-2.6","1.6","2.4","19.7","11.9","-7.9","3269"
"Joc Pederson","Dodgers","151","585","26","67","54","4","15.7 %","29.1 %",".206",".262",".210",".346",".417",".335","116","-0.1","11.0","-1.8","2.9","55","19","1","92","23","7","0.2","-2.2","5","1.9","2.1","1.1","17.1","10.1","-3.9","11899"
"Troy Tulowitzki","- - -","128","534","17","77","70","1","7.1 %","21.3 %",".160",".331",".280",".337",".440",".335","100","-4.0","-4.2","9.1","2.3","92","27","0","38","30","0","-3.0","-0.1","17","-0.9","5.2","1.3","15.6","9.2","3.9","3531"
"Ian Kinsler","Tigers","154","675","11","94","73","10","6.4 %","11.9 %",".131",".323",".296",".342",".428",".335","111","0.6","9.4","8.4","4.2","132","35","7","43","33","6","1.7","-0.7","13","-0.4","2.2","2.4","19.7","11.5","6.3","6195"
"Kyle Seager","Mariners","161","686","26","85","74","6","7.9 %","14.3 %",".185",".278",".266",".328",".451",".335","115","-3.0","9.2","5.0","3.9","103","37","0","54","27","6","-0.3","-1.5","17","-1.2","2.4","2.4","20.1","11.7","2.5","9785"
"Adam Jones","Orioles","137","581","27","74","82","3","4.1 %","17.6 %",".205",".286",".269",".308",".474",".334","109","0.3","6.5","8.8","3.6","92","25","3","24","29","1","1.4","0.0","21","-1.1","1.7","2.0","17.0","9.7","7.1","6368"
"Gerardo Parra","- - -","155","589","14","83","51","14","4.8 %","15.6 %",".161",".325",".291",".328",".452",".334","108","2.0","7.6","-22.1","0.5","104","36","5","28","28","4","-0.7","1.0","8","1.7","-4.0","1.5","17.2","9.8","-18.1","8553"
"Odubel Herrera","Phillies","147","537","8","64","41","16","5.2 %","24.0 %",".121",".387",".297",".344",".418",".333","111","2.1","8.9","11.7","4.0","106","30","3","28","23","8","1.6","-0.2","6","0.7","1.8","1.0","15.7","8.6","9.9","11476"
"Albert Pujols","Angels","157","661","40","85","95","5","7.6 %","10.9 %",".236",".217",".244",".307",".480",".333","115","-4.9","6.7","-10.2","1.9","85","22","0","50","35","3","-3.8","-0.4","15","-0.7","-13.6","2.3","19.3","10.6","3.4","1177"
"Dexter Fowler","Cubs","156","690","17","102","46","20","12.2 %","22.3 %",".161",".308",".250",".346",".411",".333","110","0.2","8.4","0.6","3.2","95","29","8","84","29","7","-2.1","0.9","5","1.4","2.3","1.3","20.2","10.8","-1.7","4062"
"Brandon Crawford","Giants","143","561","21","65","84","6","7.0 %","21.2 %",".205",".294",".256",".321",".462",".332","115","-1.4","8.1","17.1","4.5","72","33","4","39","28","4","1.3","-0.6","18","-2.1","6.2","1.1","16.4","8.3","10.9","5343"
"Matt Duffy","Giants","149","612","12","77","77","12","4.9 %","15.7 %",".133",".336",".295",".334",".428",".331","114","4.4","14.5","11.5","4.8","123","28","6","30","24","0","4.3","2.1","22","-2.0","2.1","1.2","17.9","8.8","9.4","13836"
"Carlos Santana","Indians","154","666","19","72","85","11","16.2 %","18.3 %",".164",".261",".231",".357",".395",".331","108","1.3","7.1","-8.3","2.2","77","29","2","108","29","3","1.8","0.7","20","-1.2","-12.2","2.3","19.5","9.3","3.9","2396"
"DJ LeMahieu","Rockies","150","620","6","85","61","23","8.1 %","17.3 %",".087",".362",".301",".358",".388",".327","89","3.2","-4.9","2.8","1.8","138","21","5","50","26","3","2.3","3.1","20","-2.2","2.2","1.2","18.1","7.0","0.6","9874"
"Mark Trumbo","- - -","142","545","22","62","64","0","6.6 %","24.2 %",".187",".313",".262",".310",".449",".327","107","-2.4","2.2","-9.7","1.1","85","23","3","36","29","0","-2.7","-0.2","12","0.5","-8.0","1.6","15.9","6.1","-1.8","6876"
"Brett Gardner","Yankees","151","656","16","94","66","20","10.4 %","20.6 %",".140",".312",".259",".343",".399",".327","106","5.5","10.0","-7.0","2.6","103","26","3","68","31","5","2.1","1.7","8","1.7","-4.3","2.3","19.2","7.2","-2.7","9927"
"Nick Markakis","Braves","156","686","3","73","53","2","10.2 %","12.1 %",".080",".338",".296",".370",".376",".327","106","-1.7","3.5","-10.8","1.5","139","38","1","70","31","1","0.3","-0.4","17","-1.6","-7.2","1.3","20.1","7.5","-3.7","5930"
"Brian McCann","Yankees","135","535","26","68","94","0","9.7 %","18.1 %",".204",".235",".232",".320",".437",".327","106","-3.2","0.4","10.2","3.0","66","15","1","52","31","0","-4.3","-0.2","7","1.3","8.4","1.9","15.6","5.8","1.8","4810"
"Evan Longoria","Rays","160","670","21","74","73","3","7.6 %","19.7 %",".166",".309",".270",".328",".435",".327","109","1.5","8.6","8.1","4.1","106","35","1","51","29","1","0.2","-0.1","11","1.4","1.0","2.3","19.6","7.1","7.1","9368"
"Matt Kemp","Padres","154","648","23","80","100","12","6.0 %","22.7 %",".178",".311",".265",".312",".443",".325","108","0.9","7.3","-24.1","0.4","101","31","3","39","30","2","-0.4","1.3","17","0.0","-6.9","1.3","18.9","6.1","-17.2","5631"
"Ender Inciarte","Diamondbacks","132","561","6","73","45","21","4.6 %","10.3 %",".105",".329",".303",".338",".408",".325","100","3.3","3.3","10.0","3.3","121","27","5","26","24","10","3.0","0.0","8","0.3","-4.4","1.1","16.4","5.2","14.5","4922"
"Neil Walker","Pirates","151","603","16","69","71","4","7.3 %","18.2 %",".158",".306",".269",".328",".427",".325","108","2.7","8.3","-4.7","2.4","95","32","3","44","29","1","1.9","0.1","9","0.7","2.1","1.2","17.6","5.6","-6.8","7539"
"Daniel Murphy","Mets","130","538","14","56","73","2","5.8 %","7.1 %",".168",".278",".281",".322",".449",".325","109","-0.3","5.6","1.0","2.5","86","38","2","31","30","2","1.1","-0.6","15","-0.8","0.3","1.0","15.7","5.0","0.7","4316"
"Yangervis Solarte","Padres","152","571","14","63","63","1","6.0 %","9.8 %",".158",".279",".270",".320",".428",".324","108","-4.5","0.9","-3.9","1.6","91","33","4","34","27","0","-3.1","-0.1","15","-1.3","-0.5","1.1","16.7","5.1","-3.4","5352"
"Brian Dozier","Twins","157","704","28","101","77","12","8.7 %","21.0 %",".209",".261",".236",".307",".444",".323","102","3.2","4.8","3.7","3.3","77","39","4","61","28","4","1.9","0.6","10","0.7","2.4","2.5","20.6","5.4","1.3","9810"
"Jhonny Peralta","Cardinals","155","640","17","64","71","1","7.8 %","17.3 %",".136",".311",".275",".334",".411",".323","105","-6.6","-3.1","-0.8","1.7","115","26","1","50","33","4","-3.3","-1.7","23","-1.6","6.4","1.2","18.7","4.8","-7.2","1738"
"Brock Holt","Red Sox","129","509","2","56","45","8","9.0 %","19.1 %",".099",".350",".280",".349",".379",".322","98","4.3","3.2","2.5","2.4","92","27","6","46","27","1","2.8","0.9","7","0.6","-0.2","1.8","14.9","3.4","2.7","9345"
"Trevor Plouffe","Twins","152","632","22","74","86","2","7.9 %","19.6 %",".190",".274",".244",".307",".435",".321","101","-1.9","-1.2","3.5","2.4","79","35","4","50","29","1","1.5","-0.3","28","-3.1","1.1","2.2","18.5","4.0","2.5","7462"
"Asdrubal Cabrera","Rays","143","551","15","66","58","6","6.5 %","19.4 %",".164",".306",".265",".315",".430",".319","104","0.5","2.9","-0.5","2.2","86","28","5","36","29","3","1.7","-0.2","14","-1.0","5.4","1.9","16.1","2.4","-6.0","4962"
"Martin Prado","Marlins","129","551","9","52","63","1","6.7 %","12.3 %",".106",".313",".288",".338",".394",".318","101","0.1","0.8","12.5","3.2","111","22","2","37","31","0","-0.4","-0.1","9","0.6","1.9","1.1","16.1","2.0","10.6","3312"
"Billy Burns","Athletics","125","555","5","70","42","26","4.7 %","14.6 %",".098",".339",".294",".334",".392",".317","103","5.6","7.7","-3.4","2.4","121","18","9","26","25","8","2.9","1.8","5","0.9","1.8","1.9","16.2","1.7","-5.2","12701"
"Kole Calhoun","Angels","159","686","26","78","83","4","6.6 %","23.9 %",".167",".304",".256",".308",".422",".317","104","3.1","6.3","6.6","3.8","110","23","2","45","27","1","0.8","0.1","6","2.2","-7.1","2.4","20.1","2.1","13.8","11200"
"Evan Gattis","Astros","153","604","27","66","88","0","5.0 %","19.7 %",".217",".264",".246",".285",".463",".317","102","-3.3","-1.7","-16.0","0.2","81","20","11","30","28","1","-2.5","-0.6","13","-0.2","-15.1","2.1","17.7","1.8","-0.9","11003"
"Marlon Byrd","- - -","135","544","23","58","73","2","5.3 %","26.7 %",".206",".297",".247",".290",".453",".317","100","0.6","0.4","-7.8","1.0","72","25","5","29","37","1","0.6","-0.2","10","0.2","-5.8","1.1","15.9","1.6","-2.0","950"
"Ben Revere","- - -","152","634","2","84","45","31","5.0 %","10.1 %",".071",".338",".306",".342",".377",".316","98","8.0","6.7","-8.7","1.9","150","22","7","32","27","7","3.4","3.1","5","1.5","-4.3","1.6","18.5","1.2","-4.4","4712"
"Brandon Phillips","Reds","148","623","12","69","70","23","4.3 %","10.9 %",".100",".315",".294",".328",".395",".315","97","4.0","1.8","4.1","2.7","140","19","2","27","34","3","1.6","3.1","13","-0.7","2.1","1.2","18.2","1.1","2.0","791"
"Billy Butler","Athletics","151","601","15","63","65","0","8.7 %","16.8 %",".139",".282",".251",".323",".390",".311","99","-11.1","-11.5","-14.3","-0.7","91","28","1","52","29","0","-6.6","-0.3","26","-4.2","-15.2","2.1","17.6","-0.9","0.9","7399"
"Marcus Semien","Athletics","155","601","15","65","45","11","7.0 %","22.0 %",".147",".312",".257",".310",".405",".311","99","1.0","0.3","-3.3","1.8","98","23","7","42","24","5","2.0","0.0","16","-1.0","6.7","2.1","17.6","-1.1","-10.0","12533"
"Nick Castellanos","Tigers","154","595","15","42","73","0","6.6 %","25.5 %",".164",".322",".255",".303",".419",".311","95","-7.3","-10.9","-9.0","0.0","86","33","6","39","23","3","-2.8","-1.4","21","-3.1","1.3","2.1","17.4","-1.2","-10.3","11737"
"Joe Mauer","Twins","158","666","10","69","66","2","10.1 %","16.8 %",".115",".309",".265",".338",".380",".311","94","-3.3","-8.2","-11.7","0.2","111","34","2","67","32","1","-0.8","-0.3","22","-2.2","-12.3","2.3","19.5","-1.4","0.7","1857"
"Kevin Pillar","Blue Jays","159","628","12","76","56","25","4.5 %","13.5 %",".121",".306",".278",".314",".399",".310","93","8.1","3.3","16.6","4.3","118","31","2","28","26","4","3.4","3.1","9","1.6","1.4","2.2","18.4","-1.7","15.2","12434"
"Kolten Wong","Cardinals","150","613","11","71","61","15","5.9 %","15.5 %",".124",".296",".262",".321",".386",".310","96","3.2","0.1","2.6","2.3","103","28","4","36","24","8","2.7","-0.4","10","0.9","2.2","1.2","17.9","-1.8","0.4","12532"
"Kevin Kiermaier","Rays","151","535","10","62","40","18","4.5 %","17.8 %",".156",".306",".263",".298",".420",".309","97","3.5","1.9","32.0","5.4","86","25","12","24","25","5","1.4","1.4","7","0.7","1.9","1.9","15.6","-1.7","30.0","11038"
"Jay Bruce","Reds","157","649","26","72","87","9","8.9 %","22.3 %",".209",".251",".226",".294",".434",".309","92","-1.8","-7.6","-11.2","0.2","66","35","4","58","28","5","-2.2","-0.4","10","0.8","-7.0","1.3","19.0","-2.3","-4.2","9892"
"Derek Norris","Padres","147","557","14","65","62","4","6.3 %","23.5 %",".153",".310",".250",".305",".404",".309","97","-0.9","-2.6","7.7","2.4","80","33","2","35","26","1","-2.5","0.2","5","1.4","7.9","1.1","16.3","-2.0","-0.2","6867"
"Aramis Ramirez","- - -","137","516","17","43","75","1","6.0 %","13.2 %",".177",".253",".246",".297",".423",".309","93","-7.3","-11.5","2.7","0.8","68","31","1","31","37","0","-4.7","0.0","23","-2.6","1.2","1.0","15.1","-1.9","1.5","1002"
"Brandon Moss","- - -","145","526","19","47","58","0","9.3 %","28.1 %",".181",".285",".226",".304",".407",".308","93","-0.4","-4.8","-7.8","0.5","61","24","2","49","31","1","-0.7","-0.6","12","0.9","-7.0","1.6","15.4","-2.1","-0.8","4467"
"Ryan Howard","Phillies","129","503","23","53","77","0","5.4 %","27.4 %",".214",".272",".229",".277",".443",".308","93","-1.4","-5.2","-13.9","-0.4","54","29","1","27","35","0","-1.3","-0.2","11","0.1","-8.9","1.0","14.7","-2.2","-5.0","2154"
"Cameron Maybin","Braves","141","555","10","65","59","23","8.1 %","18.4 %",".103",".316",".267",".327",".370",".307","93","1.5","-3.1","-5.3","0.9","105","18","2","45","28","6","1.7","2.0","16","-2.2","1.9","1.1","16.2","-2.7","-7.2","5223"
"Melky Cabrera","White Sox","158","683","12","70","77","3","5.9 %","12.9 %",".121",".297",".273",".314",".394",".307","91","-3.3","-10.1","-15.0","-0.3","122","36","2","40","30","0","-2.5","0.3","18","-1.1","-7.7","2.4","20.0","-3.6","-7.4","4022"
"Chase Headley","Yankees","156","642","11","74","62","0","7.9 %","21.0 %",".110",".317",".259",".324",".369",".307","92","0.5","-5.5","-0.8","1.6","109","29","1","51","31","2","2.5","-1.1","17","-0.9","2.3","2.3","18.8","-3.4","-3.0","4720"
"Brett Lawrie","Athletics","149","602","16","64","60","5","4.7 %","23.9 %",".148",".320",".260",".299",".407",".306","95","2.4","-0.9","-12.2","0.7","98","29","3","28","25","2","0.3","0.0","8","2.1","2.1","2.1","17.6","-3.7","-14.3","5247"
"Austin Jackson","- - -","136","527","9","56","48","17","5.5 %","23.9 %",".118",".342",".267",".311",".385",".305","94","0.0","-3.5","8.3","2.3","94","25","3","29","28","10","-0.5","-0.8","5","1.3","1.0","1.7","15.4","-3.6","7.2","9848"
"Gregory Polanco","Pirates","153","652","9","83","52","27","8.4 %","18.6 %",".125",".308",".256",".320",".381",".304","94","5.3","0.7","0.3","2.3","102","35","6","55","23","10","3.0","1.2","5","1.1","-6.5","1.3","19.1","-4.6","6.8","12907"
"Torii Hunter","Twins","139","567","22","67","81","2","6.2 %","18.5 %",".169",".258",".240",".293",".409",".304","89","-0.9","-8.0","-6.5","0.4","81","22","0","35","39","5","0.8","-1.8","14","0.1","-6.8","2.0","16.6","-4.2","0.3","731"
"Anthony Gose","Tigers","140","535","5","73","26","23","8.4 %","27.1 %",".113",".352",".254",".321",".367",".304","90","0.6","-5.4","-8.5","0.4","86","24","8","45","24","11","0.9","0.0","11","-0.3","1.9","1.9","15.6","-3.9","-10.4","5097"
"Addison Russell","Cubs","142","523","13","60","54","4","8.0 %","28.5 %",".147",".324",".242",".307",".389",".304","90","0.4","-5.5","17.1","3.0","72","29","1","42","21","3","0.5","-0.6","8","0.5","3.7","1.0","15.3","-4.0","13.4","14106"
"Wilmer Flores","Mets","137","510","16","55","59","0","3.7 %","12.4 %",".145",".273",".263",".295",".408",".304","95","0.0","-3.1","4.3","1.8","89","22","0","19","23","1","1.4","-0.6","12","-0.8","4.8","1.0","14.9","-3.9","-0.5","5827"
"Didi Gregorius","Yankees","155","578","9","57","56","5","5.7 %","14.7 %",".105",".297",".265",".318",".370",".303","89","3.5","-3.6","14.2","3.1","104","24","2","33","25","3","1.8","-0.5","4","2.2","6.8","2.0","16.9","-4.8","7.4","6012"
"Jose Reyes","- - -","116","519","7","57","53","24","5.0 %","11.9 %",".104",".301",".274",".310",".378",".300","80","1.5","-10.4","-1.5","0.5","98","25","2","26","32","6","-1.5","2.2","6","0.8","5.1","1.5","15.2","-5.3","-6.6","1736"
"Salvador Perez","Royals","142","553","21","52","70","1","2.4 %","14.8 %",".166",".270",".260",".280",".426",".300","86","-6.7","-15.9","12.0","1.5","92","25","0","13","25","0","-3.6","0.0","23","-3.1","10.0","1.9","16.2","-5.7","2.0","7304"
"Logan Morrison","Mariners","146","511","17","47","54","8","9.2 %","15.9 %",".158",".238",".225",".302",".383",".298","90","-0.9","-6.8","-11.9","-0.2","68","15","3","47","27","4","-2.2","-0.2","7","1.5","-9.6","1.8","14.9","-6.3","-2.3","9205"
"Avisail Garcia","White Sox","148","601","13","66","59","7","6.0 %","23.5 %",".108",".320",".257",".309",".365",".295","84","-4.5","-15.8","-13.8","-1.1","110","17","2","36","24","7","-2.9","-1.6","13","0.0","-7.6","2.1","17.6","-8.5","-6.2","5760"
"Ian Desmond","Nationals","156","641","19","69","62","13","7.0 %","29.2 %",".151",".307",".233",".290",".384",".294","83","5.5","-7.1","3.3","1.7","88","27","2","45","29","5","3.3","0.4","9","1.8","7.0","1.3","18.7","-9.6","-3.7","6885"
"Elvis Andrus","Rangers","160","661","7","69","62","25","7.0 %","11.8 %",".099",".283",".258",".309",".357",".292","78","3.8","-12.7","7.1","1.7","111","34","2","46","26","9","2.8","1.2","14","-0.2","7.2","2.3","19.3","-11.1","-0.1","8709"
"Andrelton Simmons","Braves","147","583","4","60","44","5","6.7 %","8.2 %",".073",".285",".265",".321",".338",".290","81","0.6","-12.3","23.9","3.2","113","23","2","39","25","3","2.8","-0.5","19","-1.7","6.6","1.1","17.0","-11.0","17.3","10847"
"Starlin Castro","Cubs","151","578","11","52","69","5","3.6 %","15.7 %",".110",".298",".265",".296",".375",".288","80","-2.1","-15.6","5.4","0.8","109","23","2","21","25","5","0.8","-1.2","18","-1.7","5.3","1.1","16.9","-11.4","0.2","4579"
"Pablo Sandoval","Red Sox","126","505","10","43","47","0","5.0 %","14.5 %",".121",".270",".245",".292",".366",".288","75","-5.3","-20.1","-15.1","-2.0","79","25","1","25","28","0","-4.3","-0.2","14","-0.8","1.8","1.8","14.8","-10.3","-16.9","5409"
"Yadier Molina","Cardinals","136","530","4","34","61","3","6.0 %","11.1 %",".080",".295",".270",".310",".350",".287","80","-2.5","-14.6","10.7","1.3","103","23","2","32","32","1","-1.6","-0.1","16","-0.8","9.7","1.0","15.5","-11.1","1.0","7007"
"Jace Peterson","Braves","152","597","6","55","52","12","9.4 %","20.1 %",".097",".296",".239",".314",".335",".287","79","1.3","-13.3","4.2","1.0","92","23","5","56","25","10","1.7","-1.8","5","1.4","2.1","1.2","17.5","-12.5","2.1","12325"
"Freddy Galvis","Phillies","151","603","7","63","50","10","5.0 %","17.1 %",".081",".309",".263",".302",".343",".283","77","4.6","-11.7","5.9","1.4","121","14","5","30","25","1","2.5","1.3","11","0.8","6.5","1.2","17.6","-14.3","-0.6","6609"
"Jimmy Rollins","Dodgers","144","563","13","71","41","12","7.8 %","15.3 %",".133",".246",".224",".285",".358",".283","81","-2.0","-14.6","-0.3","0.3","76","24","3","44","36","8","-0.4","-1.0","12","-0.6","5.8","1.1","16.5","-13.7","-6.2","971"
"Erick Aybar","Angels","156","638","3","74","44","15","3.9 %","11.4 %",".069",".300",".270",".301",".338",".280","79","3.4","-12.2","-0.4","0.9","127","30","1","25","31","6","3.0","0.3","12","0.1","6.8","2.2","18.7","-16.7","-7.1","4082"
"Angel Pagan","Giants","133","551","3","55","37","12","5.8 %","16.9 %",".070",".310",".262",".303",".332",".280","79","2.4","-11.1","-12.5","-0.7","107","21","3","32","33","4","1.8","0.6","12","0.0","1.7","1.1","16.1","-14.6","-14.3","2918"
"Alexei Ramirez","White Sox","154","622","10","54","62","17","5.0 %","10.9 %",".108",".264",".249",".285",".357",".279","72","-5.0","-25.0","0.4","-0.4","102","33","0","31","33","7","-4.5","0.4","18","-0.9","6.8","2.2","18.2","-17.1","-6.4","5133"
"Michael Taylor","Nationals","138","511","14","49","63","16","6.8 %","30.9 %",".129",".311",".229",".282",".358",".274","69","-0.5","-18.8","12.3","1.0","77","15","2","35","24","3","-3.4","1.8","5","1.1","-0.2","1.0","14.9","-15.9","12.4","11489"
"Alcides Escobar","Royals","148","662","3","76","47","17","3.9 %","11.3 %",".064",".286",".257",".293",".320",".271","65","4.4","-22.4","13.9","1.4","129","20","5","26","28","5","3.3","1.1","10","0.0","6.7","2.3","19.4","-22.6","7.1","6310"
"Jean Segura","Brewers","142","584","6","57","50","25","2.2 %","15.9 %",".079",".298",".257",".281",".336",".268","63","3.1","-22.3","6.7","0.3","117","16","5","13","25","6","1.8","2.4","14","-1.1","6.3","1.1","17.1","-20.9","0.4","5933"
"Wilson Ramos","Nationals","128","504","15","41","68","0","4.2 %","20.0 %",".128",".256",".229",".258",".358",".265","63","-1.6","-23.5","11.1","0.4","78","16","0","21","27","0","0.3","-0.2","16","-1.7","9.1","1.0","14.7","-19.6","2.0","1433"
"Chris Owings","Diamondbacks","147","552","4","59","43","16","4.7 %","26.1 %",".095",".305",".227",".264",".322",".255","52","4.8","-26.1","-4.6","-1.4","81","27","5","26","23","4","2.5","1.4","9","0.9","2.9","1.1","16.1","-25.8","-7.5","10030"
